TIC,RAJ2000,DEJ2000,Period,ecc,base_flux,T0,tdur_pri,tdur_sec,phi_sec,sector1,sector2,nsector,npri,nsec,subtype,oce,meb,etv,oeb,sgl,Gaia3,Gmag,BP-RP,TOI,TOI_Disp,comments
91961,221.69755,-23.92012,5.2829437,0.024,1001.9009,1602.8228046,0.1055431,0.1029983,0.5,11,11,1,3,3,detached,,,,,,6230262246566057728,14.306,2.3654,,,WB ?
800254,130.33401,-27.649,20.4580891,0.055,197.07143,3701.7984326,0.0867558,0.0761353,0.5,8,89,3,3,3,detached,,,,,,5646117969577620352,15.857,2.5521,,,
1190662,136.04,-16.49353,0.8881696,0.181,896.80847,2966.6957808,0.0399867,0.0314638,0.5704,8,62,4,91,90,detached,,,1,,,5729639381075389952,14.223,2.4469,,,
1232360,137.31509,-12.60512,2.3839457,0.073,7152.562,1518.2643662,0.0358978,0.03474,0.5,8,35,2,15,17,detached,,,,,,5733036283594679552,12.001,2.469,,,
1587780,169.75337,-14.93769,1.3086409,0.137,149.03722,3015.4157315,0.0654123,0.0654123,0.5,63,63,1,19,17,detached,,,1,,,3561323423703102080,15.637,2.664,,,ztfv
2527981,289.09803,-29.33668,11.6922963,0.128,242.84036,2037.2126678,0.2921309,0.2065365,0.5,27,92,2,3,4,detached,,,,,,6759433072484111872,15.559,2.2248,,,?
4247738,115.32852,31.24282,1.302254,0.039,224.20166,1843.8658136,0.0640402,0.061063,0.5001,20,72,8,133,129,detached,,,,,,880029457397272192,15.747,2.5443,,,css ztfv good
4619242,349.28866,-9.43508,8.6049489,0.034,950.38672,3211.8359731,0.075321,0.0706658,0.5,70,92,2,5,5,detached,,,,,,2437966171858282112,14.185,2.3695,5295,PC,
4723156,39.44235,-7.09679,9.4900779,0.231,1550.3409,1428.1381693,0.1082379,0.0648624,0.4444,4,31,2,4,4,detached,,,,,,5178577416092282496,13.902,3.2649,,,good ztfv
5868998,187.78215,-23.77356,1.271058,0.073,520.23297,1572.4756002,0.0516917,0.0516453,0.5001,10,90,3,54,51,detached,,,,,,3501271053530782080,14.973,2.3696,749,PC,good WB
7439480,212.92949,-29.97505,2.5085365,0.0,862.71533,4128.6170601,0.0611592,0.0569091,0.5002,102,102,1,8,8,detached,,,,,,6172969891098581120,14.138,2.162,6110,PC,
7439481,212.92913,-29.97408,2.5082438,0.083,368.49976,2336.4768413,0.063207,0.0638366,0.5002,38,64,2,18,20,detached,,,,,,6172969891098581248,15.25,2.4558,4339,PC,?
8769657,140.36812,33.43296,0.4265938,0.022,1108.7549,1870.9373534,0.0474357,0.0470959,0.4997,21,48,2,106,106,detached,1,,1,,,702082159096764288,14.045,2.416,,,gaia3 ztfv
8772485,66.61178,54.71667,6.2566544,0.0,981.10144,1816.8517123,0.6256654,0.6256654,0.5,19,19,1,4,4,detached,,,,,,275549815925918464,14.581,2.7153,,,HB
8988730,354.69819,-7.80665,2.3753872,0.029,669.20142,2448.6090886,0.0750086,0.077293,0.5001,42,42,1,7,6,detached,,,,,,2439165223648267648,14.615,2.6453,,,good ztfv
9172417,62.05749,-5.7566,0.2451947,0.005,2765.3569,1438.2839878,0.0269021,0.0271716,0.4999,5,5,1,97,98,detached,1,,,,,3197424691686461056,13.153,2.2997,,,?
9804616,47.64313,-9.27678,1.0336757,0.116,364.94427,1411.0658564,0.0393052,0.0367409,0.4996,4,4,1,20,20,detached,1,,,,,5167341850365479296,15.367,2.6968,460,EB,
10686217,299.46656,-10.88478,1.0126926,0.014,3717.916,3507.0013919,0.0408232,0.0408718,0.5002,81,92,2,41,39,detached,1,,,,,4189472728736232704,12.836,3.0465,,,good ztfv
10863087,25.9381,-6.0445,,0.0,,,,,,,,,,,,,,,,1,2479453696216295296,11.66,2.758,,,good
11756637,90.61487,-1.31694,4.3064138,0.003,1120.6365,1469.1369293,0.1122137,0.1123537,0.4981,6,33,2,9,11,detached,1,,,,,3026029280097368960,14.077,2.4935,,,ztfv
12158853,91.55601,-3.61893,1.2623851,0.011,3539.6663,1469.552191,0.0600336,0.0595136,0.5002,6,6,1,17,16,detached,,,1,,,3021723833079813504,12.791,2.441,,,good ztfv
12571728,52.253,-7.46289,1.2063244,0.0,127.58863,2145.2109745,0.1206324,0.1206324,0.5,31,31,1,18,20,detached,,,1,,,5168561621077853440,16.359,2.2058,,,
12632044,53.18112,-8.92757,0.2016317,0.0,3366.1616,1411.0976661,0.1139052,0.0805553,0.5,4,4,1,102,104,contact,,,,,,5165151485764431360,12.694,2.0661,,,gaia3 ztfv
12862119,3.96921,-12.08015,,,,,,,,,,,,,,,,,,1,2424392391576471936,16.778,2.8262,,,
12999193,346.85671,-28.35398,2.9653141,0.11,720.11743,3910.0368227,0.0370329,0.0370329,0.5,96,96,1,7,6,detached,,,,,,6606473820890373248,14.518,2.4152,7689,PC,
13345688,78.75878,-27.23963,0.6959686,0.0,183.04082,3996.0325399,0.0732261,0.0824402,0.55,98,98,1,46,47,detached,,,,,,2956050415872036864,16.198,3.2196,,,
13684720,305.53802,36.06457,24.8759309,0.014,978.91162,1695.0119451,0.066629,0.0648586,0.5,14,82,7,7,6,detached,,,,,,2057288892412649472,13.748,2.8012,1433,PC,additional
14675072,126.7538,21.95686,2.9329522,0.0,30886.455,2501.5602818,0.0969029,0.0955092,0.4979,44,46,3,22,24,detached,,,1,,,665777212860770560,10.159,1.842,,,good
15230595,279.90995,16.38708,0.5667534,0.018,8100.001,2391.128617,0.0565489,0.056789,0.499,40,53,2,84,87,detached,1,,,,,4511540132852601984,11.607,1.9188,,,gaia3 ztfv
16005254,63.26603,20.91525,7.5841107,0.0,799.10046,3235.8394597,0.0758593,0.0755036,0.4999,71,71,1,4,2,detached,,,,,,52359538285081728,14.319,2.2618,5344,PC,
16059780,253.50769,-25.9201,2.4414004,0.081,772.06311,3777.0329306,0.049748,0.0490921,0.4998,91,91,1,8,7,detached,1,,,,,6034486435967864320,14.528,2.5887,,,?
16316642,307.61376,41.22365,4.021854,0.0,14806.168,1684.3248433,2.2727003,2.2727003,0.5,14,75,5,29,29,contact,,,,,,2067818533010251776,11.403,3.0776,,,gaia3 ztfv
16728252,307.79394,41.53152,4.8523592,0.112,25357.602,1685.2502468,0.4651151,0.4331387,0.435,14,75,5,25,24,detached,,,1,,,2067846574853004672,10.449,1.925,,,?
17034490,308.09343,41.30526,6.5981519,0.097,242602.92,1686.8177411,3.729661,3.729661,0.5,14,75,5,18,18,detached,,,,,,2067830941174418048,8.232,2.335,,,gaia3
17197667,64.68749,22.05434,4.793095,0.215,141.0643,3210.7361458,0.0547611,0.0752993,0.4332,70,71,2,9,10,detached,,,,,,148618895079675776,16.5,3.0618,,,good ztfv
17456038,308.27193,41.72687,5.1900593,0.206,6615.9785,2420.7354986,0.2587402,0.1861509,0.4999,41,76,5,24,24,detached,,,,,,2067934394049131520,11.989,2.1469,,,?
17518090,66.98999,18.83284,10.890801,0.311,3165.6174,2477.2251654,0.2564637,0.3748492,0.6577,43,44,2,4,4,detached,,,,,,3314600126895654400,12.76,2.0813,,,good ztfv
19570530,124.93685,-10.10865,24.854677,0.0,1559.4579,1499.5067909,0.8783475,0.8783475,0.5,7,61,2,2,2,detached,,,,,,5752309902091699072,13.509,1.9081,,,?
20711983,335.99587,25.74046,3.3817725,0.004,122.97886,3560.8009489,0.0976796,0.0980227,0.4999,83,83,1,7,7,detached,,,,,,1879122860008096896,16.246,2.2564,,,good ztfv
22079739,148.14778,-27.11795,1.3729737,0.158,126.70296,1546.0335548,0.1372974,0.1372974,0.5,9,62,2,31,31,detached,,,,,,5657324531380992384,16.365,2.0312,,,
22275280,256.69798,-25.02829,3.2149718,0.02,5026.5879,3777.4054898,0.1460986,0.1422696,0.5009,91,91,1,5,6,detached,1,,,,,4112638237709418880,12.105,2.0923,,,
22481474,187.11423,-18.92766,0.4403003,0.063,2446.9175,1572.3297274,0.0269552,0.04403,0.5,10,63,3,147,149,detached,,,,,,3516638377795665024,13.109,2.0714,,,?
22482585,187.05893,-22.98479,0.4884805,0.282,1009.3666,2309.0236482,0.2760343,0.1952152,0.488,37,37,1,43,43,detached,,,,,,3513385335206720000,14.103,2.2471,,,
22541449,256.70845,-28.93191,3.3863347,0.302,185.4633,3778.2794207,0.4788277,0.4788277,0.5,91,91,1,5,6,detached,,,,,,6029912806870361088,15.321,2.8106,,,?
22739419,38.20615,27.61106,0.3513155,0.0,697.58801,3632.5038438,0.198584,0.198584,0.5,85,85,1,52,51,contact,,,,,,127661138301191168,14.674,2.8953,,,?
22760643,185.75597,-46.61901,15.1570788,0.0,6698.2227,1578.894233,0.7576251,0.7576251,0.5,10,64,3,5,5,detached,,,,,,6131272458806020736,12.157,2.9183,,,?
22818693,203.78142,41.08417,5.6296684,0.018,1752.7642,1902.2730909,0.090465,0.091252,0.5,22,76,4,13,12,detached,,,,,,1500910926140235136,13.535,2.597,,,gaia3 ztfv
24233294,243.06958,41.23076,0.3087412,0.028,2237.3765,1956.1187987,0.0362692,0.0370315,0.4999,24,24,1,67,67,detached,,,,,,1381579142471217536,13.38,2.7263,,,gaia3 ztfv
25508409,98.49965,-10.72064,,0.0,,,,,,,,,,,,,,,,1,3002072158680171648,14.433,2.6055,,,
26017840,52.49477,23.37183,2.7711097,0.06,258.24091,2448.73821,0.0617797,0.0615561,0.5001,42,71,5,36,37,detached,1,,,,,67920926352940032,15.754,2.9028,,,good ztfv
26054627,52.7124,20.87971,6.6288839,0.0,471.49283,3211.9771871,0.2342603,0.3313441,0.5,70,71,2,8,5,detached,,,,,,58372904816938240,14.875,2.1721,5349,PC,
27654301,123.62337,13.11497,,0.0,,,,,,,,,,,,,,,,1,650345086129592192,11.864,2.0667,,,
29780740,64.96129,-69.85426,1.6142271,0.0,185.01468,3668.2527709,0.1614227,0.1614227,0.5,87,97,9,132,135,detached,,,,,,4654448366390645504,15.925,2.1536,6513,PC,?
29786532,109.97853,-40.23191,3.1761346,0.075,262.44131,3665.4561819,0.103231,0.1038939,0.4998,87,88,2,16,15,detached,1,,1,,,5561614350584396800,15.591,2.4262,,,
29821723,316.17418,-26.50691,5.3737244,0.151,269.16315,3805.9226707,0.097121,0.0890173,0.5002,92,95,2,8,8,detached,,,,,,6801507946499510784,15.368,1.9461,6809,PC,
29983149,72.83425,-69.80473,3.8439635,0.342,708.00848,1603.9606984,1.0867445,1.0867445,0.5,11,90,13,76,75,detached,,,,,,4655323405866053888,14.923,3.1545,,,?
31054255,80.57571,-25.11978,1.747743,0.004,453.37378,1438.4287681,0.0424671,0.0427628,0.4998,5,32,3,39,40,detached,,,,,,2957804068198875776,15.266,3.3238,,,good
31858844,289.47854,-32.86133,5.9553035,0.027,82.72914,1658.5578736,0.1487927,0.1487927,0.5,13,27,2,8,8,detached,,,,,,6756148659453907072,16.548,2.02,1070,EB,?
32150999,59.13627,-67.4799,1.2896932,0.26,61.15693,2064.2171547,0.0911813,0.1289304,0.5,27,39,10,167,168,detached,,,,,,4669131072868657280,17.065,2.235,,,gaia3 P!match
32759110,86.24139,-24.93603,4.077153,0.002,1393.0076,1469.6064393,0.0578845,0.0579994,0.5,6,6,1,5,5,detached,,,,,,2915118518547524352,13.95,3.13,,,ztfv
33864821,65.64941,-72.10935,0.810464,0.045,1218.3915,2066.205244,0.0653136,0.0617572,0.5003,4,97,36,991,1000,detached,,,,,,4653600814724548864,13.778,1.9575,,,good
35227580,137.94226,16.27546,0.5869119,0.046,965.86212,2526.6085649,0.0432845,0.0417091,0.4995,45,46,2,75,76,detached,1,,,,,607899573608215552,14.198,2.495,,,
35349987,224.7805,-55.66373,42.9554823,0.0,4428.272,1604.2541285,0.1340333,0.1340333,0.5,11,65,3,2,1,detached,,,,,,5881578006761240448,12.296,2.0589,,,?
36077464,149.62891,-47.48834,0.1728008,0.0,2939.2183,1544.4210461,0.0976771,0.0976476,0.5,9,63,3,420,419,contact,,,,,,5408161628736783872,12.851,2.1634,,,
36133817,149.68299,-42.55479,9.621073,0.188,18.52497,4049.7966372,0.2842406,0.3163423,0.4015,99,99,1,2,3,detached,,,,,,5418302935572077952,18.372,3.2127,,,?
37146123,231.90511,-11.08526,1.5488858,0.024,1166.1227,2699.5192828,0.0774209,0.0773975,0.5,51,51,1,6,6,detached,,,,,,6315158803521783680,13.993,2.6334,,,ztfv
37744300,4.20841,-7.171,0.6151802,0.0,7645.9199,2461.4870225,0.3477358,0.3477358,0.5,42,42,1,26,24,contact,,,,,,2431240115634106112,11.73,1.8807,,,gaia3
38023570,94.99792,-27.50016,1.2218878,0.16,114.02469,1468.7948797,0.1221888,0.1221888,0.5,6,6,1,17,16,detached,,,,,,2899361864087217152,16.412,2.1445,,,
38586438,64.09021,-62.01289,1.1112849,0.022,3197.2456,1326.4476088,0.0555475,0.0555475,0.5,1,90,35,688,688,detached,,,1,,,4676564802265852032,12.833,2.4307,,,vespa
38634082,65.17865,-62.74906,0.3543253,0.177,41.36778,3936.3278456,0.0354325,0.0354325,0.5,97,97,1,116,115,detached,,,,,,4676468109664955264,17.798,2.5644,,,?
38680052,65.5287,-61.36873,1.3486934,0.164,71.26364,2037.1190015,0.0674143,0.0674143,0.5,27,90,21,342,341,detached,,,,,,4678187647067684992,17.046,2.8563,2208,PC,
39143128,168.80185,39.35912,,,,,,,,,,,,,,,,,,1,765082727962822016,15.925,2.3391,5389,PC,
42766175,96.84812,-2.06038,0.8208439,0.0,264.91013,1468.2948796,0.4639889,0.4639889,0.5,6,6,1,25,26,contact,,,,,,3117500401193809536,15.578,2.7244,,,?
43571341,264.89215,16.89564,0.3766328,0.029,586.99438,2010.8887334,0.0581585,0.0576289,0.4998,26,53,3,157,156,detached,,,,,,4549560935697122816,14.677,2.4996,,,gaia3
44573029,145.84508,-41.12317,0.6493013,0.0,37835.812,3718.461643,0.367023,0.367023,0.5,89,90,2,84,84,contact,,,,,,5431419529474007168,10.021,2.0905,,,?
46125268,93.69856,19.18458,0.3138674,0.0,2320.0928,2479.0330279,0.1774162,0.1774162,0.5,43,43,1,69,69,contact,,,,,,3374056046371085696,12.99,2.4169,,,?
48355200,283.79654,49.50401,2.1944192,0.096,341.64069,3340.8491083,0.0667776,0.0683837,0.5001,75,82,4,41,36,detached,,,,,,2132248235068412416,15.264,2.1827,,,
50753397,126.6311,-11.20431,1.1140429,0.02,810.85193,2229.281736,0.0684716,0.0687246,0.4999,34,34,1,22,20,detached,1,,,,,5751206606596299008,14.386,2.528,,,gaia3
51345905,276.10172,-25.37583,1.1438809,0.0,2430.5674,3776.0123705,0.1143881,0.1143881,0.5,91,92,2,35,35,detached,,,,,,4053144110202691840,13.006,2.7918,,,?
51736040,190.40143,-2.3066,5.7679801,0.012,830.56134,2554.1628287,0.0763092,0.0745118,0.5,46,46,1,4,4,detached,,,,,,3683045957967023744,14.355,2.3574,,,good
51961435,14.12783,60.3152,4.889327,0.369,1613.3156,2882.6112985,0.4889327,0.4889327,0.5,58,58,1,6,6,detached,,,,,,426512693710412544,13.507,2.0857,,,?
52276229,99.61843,-33.4387,5.0311038,0.133,63.98828,1470.1972823,0.1257016,0.1257016,0.5,6,7,2,9,8,detached,,,,,,5583424572466080128,17.05,2.6794,,,?
52280468,99.8668,-33.5403,1.1362246,0.031,1706.3752,1469.2993317,0.0453893,0.0456087,0.5,6,87,3,57,55,detached,,,1,,,5583372517465364352,13.54,2.6248,472,PC,good
52583022,84.15384,13.01024,0.6771347,0.076,850.72626,2474.9592855,0.0526156,0.0677135,0.5,43,45,3,100,101,detached,1,,,,,3341238918520502912,14.547,3.1019,,,ztfv
53682439,103.31051,-27.17915,1.2823485,0.0,98.02507,3667.4552074,0.1282348,0.1282348,0.5,87,87,1,16,15,detached,,,,,,2919143383943171200,16.314,2.1994,,,?
53874375,14.5319,29.98551,6.1932446,0.113,308.65753,3587.4259224,0.2188651,0.2188651,0.497,84,84,1,3,3,detached,,,,,,311676984873366272,15.379,2.1386,6227,PC,
53997651,159.57947,-33.26826,2.9172956,0.034,1308.5919,1546.7758608,0.08091,0.0780781,0.4813,9,63,2,17,16,detached,,,,,,5447815171985442176,13.916,2.5227,,,good
55278292,139.79843,15.35449,41.8481666,0.017,273.02493,2535.4754878,0.0694431,0.0742934,0.4999,44,46,3,2,2,detached,,,,,,630804084442040960,15.697,3.1466,,,good
55361028,140.51472,15.80819,2.576699,0.004,225.9409,3282.8548242,0.0788704,0.0793742,0.4999,72,72,1,8,8,detached,,,,,,630836794912890624,15.888,2.5324,,,gaia3
55995777,69.26443,-6.73905,6.451362,0.085,473.96088,4028.6877169,0.7927736,0.9161336,0.5054,98,98,1,5,6,detached,,,,1,,3198578251183793792,14.975,2.5339,,,good MEB
57332272,252.28383,39.5703,1.3183945,0.031,511.41876,1956.4086787,0.0795073,0.0784924,0.5002,24,25,2,39,37,detached,1,,,,,1352679613207023872,14.736,2.4998,,,good ztfv
60088938,276.05654,-37.51618,3.1034128,0.095,378.50378,3831.0508574,0.3103413,0.3103413,0.5,93,93,1,8,7,detached,,,,,,6727979343370860288,15.235,3.0457,,,
61351519,102.62945,-13.22045,0.2048642,0.036,536.74292,1468.5127114,0.0337906,0.03633,0.4992,6,7,2,212,212,detached,,,,,,2952672784874785792,14.801,2.3241,,,
61987177,177.99303,-46.85472,0.2015303,0.0,469.46591,3747.3058945,0.1139167,0.1139167,0.5,90,90,1,124,125,contact,,,,,,5377606784711441792,14.709,2.1462,,,
63459761,308.52507,41.13587,4.3619391,0.327,6412.3799,1714.3546603,0.4361939,0.4361939,0.311,15,75,4,22,20,detached,,1,1,,,2067766791544561920,12.172,2.609,,,ztfv MEB
64360693,106.72542,-24.91054,4.6665076,0.015,1134.4685,2203.3045125,0.0882517,0.0904603,0.4943,33,34,2,11,9,detached,1,,,,,5611474316693128320,14.24,2.9926,,,gaia3
66509654,109.42475,-23.99127,5.2800106,0.006,645.00696,1493.9048184,0.1010567,0.0969429,0.5001,7,61,2,8,9,detached,1,,1,,,5617761564699154816,14.751,2.8516,,,good ztfv
67319732,181.90195,-56.77808,,,,,,,,,,,,,,,,,,1,6072395810191887616,17.628,3.957,,,
67512645,173.46979,12.451,6.7415799,0.0,178.0072,3262.850122,0.0580828,0.057539,0.4998,72,72,1,4,2,detached,,,,,,3917278287286247808,16.281,3.1284,6894,PC,good ztfv
68047942,242.50959,-24.57185,0.8984675,0.0,1149.3549,3775.6080181,0.5078663,0.5078663,0.5,91,91,1,19,19,contact,,,,,,6049824932390484992,14.267,2.7359,,,
68406313,243.32877,-27.73396,0.6308478,0.018,1577.3608,3775.7584571,0.0900724,0.1261315,0.5,91,91,1,27,25,detached,1,,,,,6042254554317830144,13.986,3.0107,,,?
69874547,241.48348,-37.62993,0.794972,0.027,2137.5725,2362.3655131,0.1063481,0.112409,0.5,39,39,1,31,32,detached,1,,,,,5998336623943748224,13.24,2.2869,,,?
70490438,22.30592,-30.23672,2.9047601,0.003,235.49377,2115.2527805,0.1026523,0.1026523,0.5,30,30,1,8,8,detached,,,,,,5017000712058149888,15.804,2.7039,,,good ztfv
70553662,33.53098,-31.12245,0.5726522,0.04,2401.1211,2116.5057129,0.0448458,0.0572479,0.5,30,97,2,115,111,detached,1,,,,,4971852359438926976,13.197,2.6156,,,gaia3
70797900,1.9774,-29.97899,66.0305849,0.0,5774.6963,1365.8438866,0.0779642,0.102986,0.7391,2,96,4,2,2,detached,,,1,,,2320703325475764864,12.129,2.2172,224,PC,good
72576619,208.15014,12.29594,3.429543,0.305,1086.1901,2671.0446954,0.2424687,0.2424687,0.499,50,50,1,4,4,detached,,,,,,3728426032660396032,14.013,2.1411,,,
73804804,232.90366,-21.94488,2.4440722,0.091,2089.2432,3776.3924387,0.0491073,0.1221667,0.5,91,91,1,7,6,detached,,,1,,,6251760619471942400,13.367,2.6655,,,?
73886173,233.41068,-21.36922,5.7476981,0.032,849.75421,3781.0091591,0.1141205,0.1436056,0.5,91,91,1,3,3,detached,,,,,,6253330241038702592,14.194,2.2404,,,ztfv
73919088,251.77199,-22.83235,3.3497331,0.132,2131.5442,3776.1154552,0.0836928,0.1183773,0.5,91,91,1,4,5,detached,,,,,,4126453051553241216,13.256,2.2497,,,
76287859,86.46676,26.4534,2.7707286,0.002,590.20642,2478.4870387,0.1384946,0.1384946,0.5,43,45,3,24,25,detached,,,,,,3429346770984459008,14.609,2.2021,,,good ztfv
77437461,73.13637,-36.53382,1.2159383,0.0,4680.4639,2178.5614491,0.0202608,0.0303801,0.5,31,32,2,37,40,detached,,,,,,4818744300120317568,12.246,2.0953,,,?
77437462,73.13611,-36.5326,1.2159131,0.021,3743.4167,1461.17259,0.0303795,0.0303795,0.5,5,5,1,19,20,detached,,,,,,4818744295824258432,12.676,2.242,,,?
77622781,239.43806,-29.54744,0.6662655,0.0,578.30243,3775.6608901,0.3764984,0.3766122,0.5,91,91,1,25,26,contact,,,,,,6041052169632248576,14.839,2.8632,,,?
77951245,79.00491,-31.41269,21.4295357,0.006,1594.0896,1443.1670936,0.0945774,0.0945774,0.5,5,32,3,3,3,detached,,,,,,4827527233363019776,13.782,3.049,450,PC,
78234838,148.79425,-1.21216,1.9743404,0.02,2517.5693,1519.7281536,0.0797543,0.0986574,0.5,8,62,3,30,31,detached,,,,,,3832893617417083776,13.065,2.2713,,,ztfv
78450017,102.58903,-21.46274,1.8899994,0.045,633.45074,1493.6083779,0.0944714,0.0944714,0.5,7,33,2,25,24,detached,,,,,,2926107553156255360,14.678,2.3307,,,good
78665235,258.68205,-24.8231,1.4688674,0.038,2063.9036,3776.6809208,0.0938729,0.1038489,0.5,91,91,1,11,13,detached,1,,,,,4109530502450883840,13.297,2.6181,,,ztfv
79024316,212.37259,-18.18342,0.739901,0.068,65.68434,3775.4114253,0.0739901,0.0739901,0.5,91,91,1,21,21,detached,,,,,,6297158320705746944,16.91,2.0089,,,gaia3
80123540,259.21605,-27.07152,0.4411585,0.179,1245.962,3775.7624454,0.0882051,0.0882051,0.589,91,91,1,42,42,detached,,,,,,4108228066574933504,14.101,2.8195,,,
80881609,120.6255,59.73461,1.478767,0.004,3425.5583,2581.9024124,0.1045488,0.1045488,0.5,47,47,1,15,15,detached,,,,,,1084383451586091008,12.56,2.1055,,,ztfv
81292606,122.96195,-42.67611,2.5402613,0.016,2756.6455,2231.0520481,0.0634682,0.0634682,0.5,34,62,4,35,35,detached,,,,,,5521361951454614272,13.011,2.48,,,?
83239589,249.23439,-39.37309,3.8255558,0.0,81.99428,4156.4708577,0.1290945,0.1312135,0.5,103,103,1,5,6,detached,,,,,,6017434866048226944,16.728,3.3665,,,
83391903,214.7627,-26.26797,4.9546171,0.032,1633.0571,1602.8705221,0.1237532,0.1237532,0.5,11,64,2,9,7,detached,,,,,,6270852230133816832,13.538,2.2816,,,good
83824834,249.51665,-39.0729,4.68141,0.0,44.1957,4153.7928271,0.2318233,0.2266343,0.4999,103,103,1,6,4,detached,,,,,,6017533100544475776,17.63,3.6466,,,
85781236,63.79523,35.0104,17.0641908,0.0,467.72546,2915.0324923,0.4263471,0.2131092,0.6535,59,59,1,2,1,detached,,,,,,176817245168249472,14.8,2.5315,,,
86005116,327.04361,23.11248,0.982681,0.32,158.11783,3533.45537,0.0982384,0.0982681,0.5,82,82,1,26,26,detached,,,,,,1794290933719880960,16.048,2.3611,6157,PC,? WB
86232609,139.84528,62.05469,2.9219159,0.015,23389.078,1844.0500373,0.094037,0.0930983,0.5001,20,74,5,36,36,detached,1,,1,,,1040191742802868992,10.514,2.0361,,,gaia3
87091417,58.49096,58.74809,4.2366,0.0,1434.0803,2916.2842711,0.42366,0.42366,0.5,59,86,2,8,8,detached,,,,,,473092198144508160,13.774,1.9596,3743,PC,?
88643657,130.47429,41.36906,1.8432492,0.0,536.63666,2581.6154127,1.0419121,1.0419121,0.5,47,47,1,12,13,contact,,,,,,913233471605566208,14.94,2.8012,,,ztfv
89043241,338.94935,-43.10444,2.2035116,0.131,94.46716,2063.163073,0.1101423,0.1101423,0.5,28,28,1,8,10,detached,,,1,,,6520905707148006016,16.689,2.41,,,
91064991,102.32425,26.96266,10.12,0.069,922.771,2504.5405724,0.1263854,0.1263854,0.4687,44,45,2,4,4,detached,,,,,,3385147095037717504,14.296,2.5221,,,ztfv
91542943,43.82502,-33.74568,5.3267047,0.036,702.42822,1391.1243658,0.1330872,0.1330872,0.5,3,31,4,14,17,detached,,,,,,5051952743596712832,14.628,2.9198,,,gaia3
93000168,174.5254,-49.10885,5.71388,0.085,893.38525,3748.4769437,0.2856077,0.2856077,0.507,90,90,1,5,5,detached,,,,,,5370431749786397952,14.21,2.5246,,,?
93275779,129.94385,-52.32122,1.8302839,0.0,85.25035,2964.7105824,0.517448,0.517448,0.5,61,63,3,38,39,detached,,,,,,5321581959996214016,16.28,2.9183,,,
93555356,130.27048,-52.85792,0.6863215,0.364,578.1673,3743.6673434,0.0686322,0.0686322,0.5,89,89,1,42,40,detached,,,,,,5318550606440613760,14.72,2.6092,,,?
93763678,175.84365,-53.45316,0.9151483,0.355,306.0961,4074.6359341,0.1157194,0.1485003,0.4167,100,100,1,26,25,detached,,,,,,5345273648130813696,15.417,3.1293,,,
94723414,60.03382,32.81832,,,,,,,,,,,,,,,1,,,,170349024417367808,14.952,2.6139,,,?
95057860,90.47467,-13.4614,7.1650501,0.049,592.18335,3666.6734832,0.1790181,0.1790181,0.5,87,87,1,4,2,detached,,,,,,2997312063605005056,14.48,1.9776,4201,PC,good
95112238,90.48378,-16.81661,2.7236376,0.061,1762.1392,3667.9846575,0.0680498,0.0680498,0.5,87,87,1,8,8,detached,,,,,,2991334190684094208,13.496,2.6105,,,?
95436655,155.51966,22.92106,0.2634079,0.004,416.7309,2526.3717136,0.0372459,0.0372459,0.5,45,48,3,261,259,detached,,,,,,725230589712062208,15.139,2.6624,,,ztfv
96867956,74.27513,32.69175,1.3690704,0.038,1756.4117,2500.510786,0.0684328,0.0684328,0.4994,44,44,1,17,16,detached,,,,,,160761695338208896,13.395,2.1817,,,good
97905875,199.11917,-27.41113,5.0441314,0.052,393.72241,3043.323891,0.0891012,0.0891012,0.5,64,64,1,5,5,detached,,,,,,6186427432385401344,15.537,2.5965,,,good ztfv
99028319,181.30351,-25.56502,9.4004276,0.032,7035.6206,1576.8912596,0.1173989,0.1173989,0.5,10,90,3,6,8,detached,,,,,,3489185629739257472,12.008,2.512,,,ztfv
100267480,306.84319,-53.22061,1.7547715,0.097,1196.9521,3127.6982898,0.0877121,0.0620124,0.5,67,67,1,11,11,detached,,,,,,6474214430473957504,13.864,2.3894,2341,PC,?
101255979,56.14527,32.16484,1.9341202,0.0,96.94911,2448.2741587,0.193412,0.193412,0.351,42,44,3,33,31,detached,,,,,,216681443681826688,16.463,2.5905,,,?
101568867,107.9061,29.92721,0.8437277,0.023,2368.0042,2500.3734088,0.0843728,0.0843728,0.5,44,47,3,80,79,detached,,,,,,886407827430438912,12.975,1.8312,,,ztfv
101940827,204.95121,-33.10553,2.2438926,0.128,187.07748,3042.0751214,0.2243215,0.2243215,0.5,64,64,1,10,11,detached,,,1,,,6168418875031853952,16.139,3.3155,,,good
102840237,155.87099,-43.8334,11.1119324,0.0,4257.5107,2287.6671616,1.1111932,1.1111932,0.5,36,63,2,4,4,detached,,,,,,5415648821874435584,12.409,2.0052,,,?
103865797,242.15444,19.25338,4.4479877,0.52,297.99576,3438.7696648,0.1571889,0.1111325,0.5,78,78,1,2,3,detached,,,,,,1201691481025044864,15.592,3.0582,5695,PC,?
105723846,269.3096,-18.26239,0.9577508,0.0,2237.0664,3775.4420703,0.5413767,0.5413767,0.5,91,92,2,41,40,contact,,,,,,4143627805496822656,13.029,1.942,,,gaia3
105730289,269.426,-18.87464,0.7295172,0.0,89.12397,3775.7365348,0.4123657,0.4123657,0.5,91,92,2,53,53,contact,,,,,,4143404565913693312,15.867,2.0213,,,gaia3
106385654,269.50457,-21.65006,1.4126952,0.244,59.87275,3775.703882,0.2823684,0.2824537,0.5,91,92,2,27,26,detached,,,,,,4070390465479512704,17.083,2.5879,,,gaia3
106804175,269.64537,-18.86966,0.7653379,0.0,197.8363,3775.7420712,0.4326137,0.4326137,0.5,91,92,2,52,52,contact,,,,,,4143390688913948672,15.325,1.8127,,,gaia3
108148280,279.77408,5.58241,0.9203648,0.0,519.72632,3480.1222171,0.520244,0.520244,0.5,80,80,1,19,16,contact,,,,,,4284020455161114752,15.072,2.9177,,,
111778581,344.32632,-17.39535,45.686078,0.0,436.1142,3210.4404798,0.2016316,0.2016316,0.5,70,92,2,2,1,detached,,,,,,2403356775631204352,14.983,2.2925,7494,PC,good
113274213,284.20263,-36.44438,,,,,,,,,,,,,,,1,,,,6731109618595716352,15.035,2.9193,,,? MEB
114435818,11.19388,-18.51623,4.7624324,0.036,2588.6282,2118.9561902,0.0754205,0.0753279,0.5002,30,30,1,4,6,detached,,,,,,2369019611612014464,13.11,2.2033,,,gaia3
114471605,11.40036,-20.04662,12.7697506,0.0,162.63637,1401.075852,0.225569,1.2769751,0.5,3,3,1,2,0,detached,,,,,,2350798779793939712,16.17,2.5204,,,good
115440238,274.84372,-16.51726,0.8250648,0.0,1424.207,3775.6221261,0.4663748,0.4663748,0.5,91,92,2,46,46,contact,,,,,,4097427288914893568,13.342,2.2494,,,gaia3
115591448,272.78187,-23.45902,1.3990713,0.224,94.32458,3776.7738481,0.3168987,0.3335917,0.4991,91,92,2,28,28,detached,,,,,,4066324853790377856,16.263,1.9107,,,gaia3
116722982,46.46546,49.96875,1.1421091,0.004,420.38916,2883.0268043,0.0691712,0.0658643,0.5005,58,86,3,51,51,detached,1,,,,,439681991144937216,15.018,2.6842,,,good ztfv
117175455,47.99585,52.24208,0.2480957,0.0,2338.8337,1790.891741,0.1402382,0.1402382,0.5,18,18,1,83,83,contact,,,,,,445959171747263744,12.99,2.0276,,,ztfv
117380199,132.09232,25.24333,10.3808339,0.046,203.3674,2505.9798577,0.1294073,0.1327965,0.5001,44,46,2,5,5,detached,,,,,,690821270243016192,16.048,2.7994,,,good ztfv
117549840,0.28986,-13.86546,0.6660139,0.018,2096.1477,1354.0244215,0.0504177,0.0505626,0.4999,2,69,2,69,70,detached,,,,,,2420740604223270912,13.261,2.2718,,,good ztfv
120490566,1.82303,-36.68859,0.654117,0.089,487.26709,2088.6504748,0.0281223,0.0278978,0.4996,29,29,1,32,31,detached,,,,,,2309256687875986688,15.013,2.7879,,,? WB
121088959,56.95955,-18.90303,3.0438616,0.708,508.57297,2144.640313,0.0339539,0.035388,0.9092,31,31,1,8,7,detached,,,,,,5095118779828809728,14.994,2.7007,,,? WB ecc
121658323,288.56322,39.5416,2.4517315,0.111,89.16199,2392.1048245,0.0917867,0.0905809,0.4999,40,41,2,22,23,detached,,,,,,2099725540116396416,16.653,2.8645,,,good ztfv
124199788,104.07894,-8.59625,4.7043534,0.026,4563.9956,1469.6915725,0.0549927,0.054623,0.5002,6,33,3,16,13,detached,,,,,,3050759422614537344,12.59,2.854,,,good
124350360,227.66864,-52.8053,34.232555,0.002,30464.855,1629.7018265,0.106783,0.1068153,0.5,12,65,2,1,2,detached,,,,,,5888257093214433920,10.548,2.4284,,,?
124604724,199.67309,-31.71863,0.1169202,0.0,1026.4915,1571.4598286,0.0297283,0.02337,0.5,10,37,2,358,358,detached,,,,,,6181322502977295360,14.286,2.9619,,,vespa
124712813,104.76751,-11.72526,0.8256915,0.116,609.1814,1493.1297331,0.0422765,0.0413383,0.5004,7,7,1,27,28,detached,,,,,,3045955042137707008,14.604,2.2451,,,?
126565862,314.13911,-44.36292,3.5106237,0.305,119.72315,2037.5740623,0.1240631,0.0877126,0.5,27,27,1,7,7,detached,,,,,,6484336568879557504,16.469,2.539,,,
127459408,267.13022,-24.82962,0.8845753,0.0,115.8991,3776.0467066,0.5000136,0.5000136,0.5,91,92,2,45,46,contact,,,,,,4067309191560460288,15.997,1.8543,,,gaia3
127461113,267.11988,-24.70209,1.4324674,0.138,61.82966,3775.9709937,0.2278155,0.2308876,0.5008,91,92,2,28,27,detached,,,1,,,4067312696253903232,16.348,2.0714,,,gaia3
127992818,267.2982,-29.29055,0.9647196,0.0,25.8879,3776.2756417,0.5451512,0.5451512,0.5,91,92,2,43,37,contact,,,,,,4057239275624467328,17.181,2.1523,,,gaia3
128193913,267.41596,-28.7426,1.8472251,0.116,104.46549,3776.4788297,0.3512961,0.38352,0.5005,91,92,2,21,22,detached,,,,,,4057409596844454528,15.779,1.8328,,,gaia3
129309458,220.92951,-43.63207,1.105465,0.0,579.54364,4127.5387261,0.0745828,0.0720582,0.5003,102,103,2,40,39,detached,,,,,,6100482559819865856,14.781,2.9364,,,
129711632,322.11848,-37.64918,2.3205834,0.31,313.43494,3884.1102356,0.1159941,0.1640652,0.5,95,95,1,9,9,detached,,,,,,6583105938920401280,15.367,2.0875,6811,PC,
131567231,268.1671,-26.57616,0.8000987,0.0,22.35756,3775.457447,0.3198462,0.3198462,0.5,91,92,2,49,47,detached,,,,,,4063886991640128768,16.737,2.269,,,gaia3
132121440,268.34121,-27.4323,2.3008978,0.272,12.58363,3777.268408,0.3253469,0.3253469,0.5,91,92,2,17,17,detached,,,,,,4063693305794327808,17.563,2.6437,,,gaia3
132782901,291.18729,9.24956,2.4101304,0.031,340.32727,2770.3819415,0.106448,0.1052927,0.5001,54,54,1,10,11,detached,1,,,,,4308374951306120960,14.36,2.3744,,,gaia3
133066678,268.54621,-25.8825,1.1174122,0.0,125.23,3775.671241,0.6316267,0.6316267,0.5,91,92,2,36,34,detached,,,,,,4067314586016019456,15.302,2.1468,,,gaia3
133745291,268.70514,-26.82706,4.1273497,0.047,425.23743,3776.2449779,0.412735,0.412735,0.5,91,92,2,9,10,detached,,,,,,4063823705308732032,14.359,1.8782,,,gaia3
134129150,268.90566,-26.40039,0.7950842,0.101,25.74123,3775.5755694,0.1898851,0.1688946,0.4999,91,92,2,49,50,detached,,,,,,4063863489580680960,16.569,2.2578,,,gaia3
134679843,269.00918,-26.5359,0.7303157,0.0,5.13149,3776.0487127,0.4128171,0.4128171,0.5,91,92,2,54,52,contact,,,,,,4063857236107899648,18.202,2.5053,,,gaia3
134995082,269.08694,-25.94889,0.6901664,0.299,6.95381,3775.9663834,0.2758999,0.2758999,0.5,91,92,2,57,57,detached,,,,,,4064301511843065984,16.854,1.9859,,,gaia3
135100529,185.72873,18.83683,8.6829218,0.096,137.06511,2640.6229345,0.1533317,0.153378,0.5,49,49,1,3,2,detached,,,,,,3947322408155619456,15.571,2.6603,5628,PC,?
135693359,269.20894,-23.89904,1.1705653,0.107,77.64504,3776.2947437,0.2340424,0.2340424,0.5,91,92,2,33,32,detached,,,1,,,4067783974417377280,16.15,2.1166,,,gaia3
138653150,179.40625,64.15845,0.5466401,0.042,1090.4768,2420.4013297,0.0448472,0.0419382,0.5002,41,48,2,87,86,detached,1,,,,,863473251824517120,14.127,2.4621,,,? WB
138910382,179.90394,27.29802,1.1662762,0.041,746.41418,1900.5511978,0.0493789,0.048844,0.5002,22,49,2,35,34,detached,1,,,,,4007266407712645760,14.506,2.494,,,good ztfv
138969270,295.12656,40.58071,1.6070579,0.374,373.42065,2390.632561,0.1607058,0.1607058,0.5,40,55,4,63,67,detached,,,,,,2076601195680060160,15.032,2.6367,,,
140071846,57.16484,-36.40264,2.9520132,0.073,237.19382,2146.4153283,0.0737558,0.0737558,0.4988,31,31,1,7,8,detached,,,1,,,4858349842823847808,15.859,2.9922,,,? WB
140214098,84.97298,-33.76269,7.3513332,0.084,227.85522,1443.2317966,0.1037235,0.0998403,0.4995,5,6,2,5,7,detached,,,,,,2900589434458256256,15.628,2.0677,,,good
141227133,129.31539,-47.3835,4.8468225,0.059,11043.867,2257.530603,0.1712834,0.1712834,0.5,35,36,2,9,8,detached,,,,,,5521460490884205184,11.733,3.2308,617,PC,?
142106257,98.82558,-73.02412,5.4667399,0.034,166.19409,3937.5224295,0.0965663,0.0965663,0.5,97,97,1,8,6,detached,,,,,,5265369153139298688,16.056,2.8929,,,good
142409400,103.09397,-12.96863,1.3869033,0.03,1207.4412,1469.6473484,0.07141,0.0734046,0.4999,6,7,2,31,31,detached,,,,,,2949704240919004160,13.918,2.5866,,,good ztfv
142588954,168.17642,76.449,41.03235,0.236,1855.2532,1859.8571481,0.1410864,0.20319,0.5983,20,53,7,4,4,detached,,,,,,1080288664125447424,13.513,2.7469,,,good ztfv
142933407,178.4152,66.24356,10.3821188,0.096,157.52347,3324.4477225,0.2593962,0.2593962,0.5016,74,75,2,3,2,detached,,,,,,1056826907054257664,16.209,2.5539,,,good ztfv
143032776,167.25549,-10.18835,12.4864462,0.242,206.73546,3018.0731142,0.0881509,0.1260643,0.6207,63,63,1,2,2,detached,,,,,,3758899856418383872,15.832,2.4515,4863,PC,good
144720670,191.8578,-39.45022,0.807205,0.0,215.78601,4101.6513179,0.0879148,0.0929096,0.5038,101,101,1,27,27,detached,,,,,,6152386758548980608,16.195,3.5545,,,good
146439804,75.7333,-22.22821,,0.0,,,,,,,,,,,,,,,,1,2961107757042587904,12.339,2.0718,,,good
146712645,44.50928,-43.54134,3.0429278,0.003,329.10004,1387.5837298,0.0561684,0.0558857,0.5,3,97,3,29,28,detached,,,,,,4755573096496855680,15.485,2.8939,,,? WB
146776480,124.35503,-34.46464,41.201206,0.017,9394.832,1536.55316,0.0908915,0.0908915,0.5,8,88,6,4,3,detached,,,,,,5546354572312740352,11.448,1.9379,2605,PC,?
146846569,160.89137,-44.62239,9.5070605,0.0,122.72116,1545.450425,0.0593474,0.0593474,0.5,9,90,5,12,12,detached,,,,,,5366869160310240512,16.766,3.9259,734,EB,?
147083431,321.20474,-46.15752,1.8054102,0.109,155.83202,2062.331584,0.1276425,0.1276425,0.5,28,28,1,10,10,detached,,,,,,6575692413049998720,16.331,2.7012,,,good
147757433,213.6781,-5.20613,4.2477078,0.046,1715.9905,2699.2122137,0.0647023,0.0630909,0.4998,51,51,1,3,1,detached,1,,,,,3641131200326523520,13.691,2.5368,,,good
147975720,99.59724,-37.2419,5.7004095,0.023,1721.3374,1472.0442161,0.1006939,0.1006939,0.5,6,7,2,7,8,detached,,,,,,5580149092970413184,13.662,2.4445,,,good
148218929,229.7442,-37.75499,3.5292736,0.007,2097.8057,2336.4465807,0.1521928,0.1502203,0.4996,38,38,1,6,7,detached,1,,,,,6007150923313992704,13.416,2.548,,,vespa good
148427888,231.15679,-42.87016,0.6805198,0.0,445.22913,4154.5007464,0.0412368,0.0429761,0.4997,103,103,1,31,30,detached,,,,,,6000942019814642944,14.973,3.027,,,?
148544875,164.12664,-9.83632,3.4880695,0.0,623.09033,1547.7257796,0.0613925,0.0644258,0.4999,9,62,2,12,13,detached,,,,,,3759697620823567744,14.869,3.0325,,,good
148577779,165.07137,-11.92386,0.3486418,0.0,83.50143,4074.7659018,0.0464566,0.0365192,0.4993,100,100,1,61,61,detached,,,,,,3756793226499104768,16.785,2.0629,,,gaia3
148611095,165.21481,-7.2689,4.8374646,0.111,2190.0488,1546.9841815,0.0696296,0.0741284,0.5679,9,72,3,13,13,detached,1,,,,,3763495402705344512,13.252,2.459,,,good ztfv
149917543,160.64492,64.70151,0.1976644,0.0,1670.3247,2420.0207661,0.1116978,0.1116978,0.522,41,48,3,347,350,contact,,,,,,1058663641228841600,13.432,2.1048,,,ztf good ztfv
151267228,118.62302,-35.86711,30.282604,0.365,1191.0204,1497.5265239,1.0701668,0.7566079,0.5,7,61,4,2,3,detached,,,,,,5545411844161218944,14.002,2.784,,,?
151825527,167.99039,-39.32779,7.2671637,0.0,3243.1331,1546.4787567,0.1283695,0.1283695,0.5,9,90,5,16,16,detached,,,1,,,5396580575830873728,12.724,2.1397,672,PC,?
152502424,62.87716,-43.01087,1.1568211,0.106,77.83033,3936.7787316,0.0772863,0.072773,0.5,97,97,1,34,38,detached,,,,,,4838822241436585984,16.854,2.0387,,,good
152581643,120.09937,-30.64656,3.8645354,0.026,1918.2712,2227.4314833,0.0998483,0.1009591,0.4997,34,34,1,6,6,detached,,,,,,5596899186252409216,13.08,1.8678,,,?
152806029,181.31372,-8.38497,2.6200748,0.002,523.57886,2284.3081653,0.0862172,0.0863343,0.5001,36,36,1,8,8,detached,1,,,,,3594060695225603712,14.906,2.6469,,,good ztfv
153078576,49.74648,-46.4576,5.4139942,0.0,1512.5057,3951.9380712,0.3827694,0.3827694,0.5,30,97,3,17,16,detached,,,,,,4847001302277419904,13.614,2.2277,2407,PC,good
153672817,259.64427,-33.61931,0.6025993,0.036,1349.3381,3775.5446678,0.0696715,0.0752468,0.5,91,93,2,66,67,detached,1,,,,,5979179867198107648,13.369,1.8935,,,gaia3
154927164,205.59607,87.59126,1.6209258,0.093,152.76144,2912.1281724,0.0810218,0.0810218,0.5,59,79,3,41,39,detached,,,,,,1728717091031847680,16.353,3.1349,,,?
155657581,206.39529,79.39675,0.3681399,0.018,4933.9033,1683.5343577,0.0529378,0.052755,0.4997,14,75,13,797,779,detached,,,1,,,1715299716278321408,12.363,2.4505,,,gaia3 WB
156067195,236.86422,45.13093,3.5500049,0.005,7003.1846,1932.8624511,0.0463467,0.0459167,0.5004,23,78,6,31,32,detached,1,,,,,1397434890417900544,12.116,2.9304,,,good ztfv
156458791,56.58597,-14.94998,0.2912148,0.0,1035.9694,1411.1586643,0.1645619,0.1645123,0.5,4,31,2,150,151,contact,,,,,,5109259701953360640,14.091,2.5279,,,
157316453,105.89423,-38.8509,3.1348795,0.036,244.12769,2203.9186258,0.1066381,0.1132212,0.5016,33,34,2,14,16,detached,,,,,,5565538267065698048,15.769,2.8325,,,gaia3
157459952,106.59848,-37.90843,12.4911269,0.234,163.90265,2208.4162058,0.1559976,0.1559976,0.5,33,34,2,4,4,detached,,,,,,5565971096690260992,16.099,2.7189,,,good
157499243,260.95622,-31.32946,0.5687231,0.111,348.96991,3775.5003601,0.0568723,0.0568723,0.5,91,92,2,68,68,detached,,,,,,4058084014122402048,14.908,2.6593,,,?
158551504,287.63585,43.37082,1.4103876,0.079,220.86398,2747.8943849,0.0704981,0.0704981,0.5,53,55,2,34,34,detached,,,1,,,2102989406022280704,15.719,2.3688,,,good ztfv
159202185,201.51115,27.58393,0.2835017,0.004,5870.5112,1930.5569147,0.0226438,0.0226956,0.4998,23,50,2,118,118,detached,,,,,,1449301838900762880,12.41,2.5435,,,? WB
159466872,245.04716,82.67402,22.9963527,0.294,1005.1897,2425.136146,0.195663,0.1090153,0.555,41,53,5,5,4,detached,,,,,,1722858446402102528,14.089,2.334,,,good
160150808,222.33117,-38.17177,0.7480195,0.0,1390.3741,1601.5869435,0.074802,0.074802,0.5,11,65,2,46,46,detached,,,,,,6201473630541002624,13.829,2.6993,,,good
160162137,241.24954,85.20416,117.5985302,0.0,397.80716,2940.0864386,0.0950926,0.0967654,0.3636,59,86,5,3,1,detached,,,,,,1724291831608394624,15.352,3.0084,5575,PC,good
160164029,243.42831,84.32782,0.8395434,0.028,435.20068,1984.4184258,0.0706387,0.0744015,0.4998,25,26,2,57,57,detached,1,,,,,1724002110293844736,14.78,2.0906,,,gaia3
160328683,91.1962,-32.58024,3.1460728,0.0,306.22263,2175.5486911,0.099018,0.098858,0.5,32,87,3,24,21,detached,,,,,,2890062263458259968,15.489,2.8308,2496,PC,?
160889020,227.66682,-43.22903,18.86,0.073,12124.884,2341.3357812,0.9427152,0.9427152,0.5,38,38,1,2,1,detached,,,,,,6003644202771489280,11.632,3.49,,,?
161223358,340.97701,-53.42836,1.0307256,0.227,170.66345,2062.0275016,0.1030726,0.1030726,0.5,28,68,2,39,39,detached,,,,,,6507204692749292800,16.036,2.2846,2415,PC,good
162306409,169.17223,-45.10143,1.7772419,0.069,473.62585,3747.2813476,0.0458958,0.0454922,0.5007,90,90,1,15,14,detached,,,,,,5376496552842880128,15.09,2.894,,,?
162731723,170.92687,-47.18039,0.1711815,0.0,195.35959,3747.3880554,0.0225277,0.016785,0.3629,90,100,3,393,394,detached,,,,,,5373879131054418688,16.251,3.6849,,,?
165202476,56.28986,-39.06308,5.8174218,0.087,633.83746,3937.0968677,0.1026744,0.0866914,0.5001,97,97,1,7,7,detached,,,,,,4855422771071903232,14.368,2.1281,4666,PC,good
165227846,178.81945,-40.14919,4.1933232,0.006,588.70691,3750.8755104,0.05605,0.0566131,0.5,90,90,1,6,6,detached,,,,,,3459141135209729536,14.777,2.9468,,,
165407465,206.30495,46.31114,1.5875069,0.007,1973.4786,2641.4940391,0.07429,0.070846,0.5001,49,49,1,11,11,detached,1,,,,,1503770755884281344,13.265,2.3253,,,gaia3
166090445,215.20636,60.82634,5.3246129,0.002,3011.3987,1712.8056678,0.082586,0.0821584,0.5001,15,76,6,22,21,detached,1,,,,,1660397630369159680,12.983,2.7383,,,good ztfv
166184428,206.10616,-40.33765,32.6704318,0.0,5685.7988,2335.6018409,0.5771012,0.5771012,0.5,38,64,2,2,1,detached,,,,,,6113245033656232448,12.246,2.6307,4336,PC,? WB
166787511,38.48886,-49.82854,3.3680738,0.038,157.36539,2089.0609564,0.0629356,0.0621019,0.5001,29,30,2,15,13,detached,,,,,,4746460893881516032,16.264,2.7396,,,good WB
167573692,101.56902,-62.3478,65.0885246,0.014,216.13013,3685.1949804,0.0763316,0.07778,0.5,87,97,9,4,3,detached,,,,,,5478748316724603136,16.013,2.9066,6601,PC,?
167664935,216.37134,-41.22565,1.1713231,0.0,11748.146,2334.6310443,0.0828125,0.0828125,0.5,38,38,1,22,21,detached,,,,,,6104139604209342464,11.39,2.5206,,,?
171970567,299.39532,41.67357,1.921773,0.093,239.2717,1685.1211541,0.0679142,0.0679142,0.5,14,55,4,49,49,detached,,,,,,2075359537821247616,15.626,2.424,,,ztfv
172470022,271.94614,-22.34311,0.9047203,0.0,71.62312,3775.6029697,0.5114008,0.5114008,0.5,91,92,2,43,41,contact,,,,,,4069727189402852608,16.649,2.5218,,,gaia3
172517058,142.56511,24.55463,2.4365142,0.016,2282.2188,1871.9154317,0.0683427,0.0861048,0.5,21,72,6,55,55,detached,1,,,,,645362198213835136,13.309,2.7322,,,good ztfv
172938292,234.45119,-36.31436,0.8396678,0.0,1154.9202,4153.792217,0.0750215,0.0762403,0.4998,103,103,1,26,25,detached,,,,,,6012966725649006080,14.143,2.9242,,,
175385241,116.31893,-40.2333,5.5604131,0.034,513.505,2232.8773009,0.1389263,0.1389263,0.496,34,35,2,6,7,detached,,,,,,5536809162106730112,14.705,2.4395,,,?
176772671,142.56668,-18.84307,2.6652995,0.059,388.70966,2257.1562128,0.0765274,0.1332247,0.5,35,89,3,26,26,detached,,,,,,5678383069566263552,14.837,1.8181,2603,EB,?
176775425,88.23217,-0.74075,0.8589423,0.024,1461.6652,2202.3335645,0.0858942,0.0858942,0.5,33,33,1,28,28,detached,,,,,,3218460376351485056,13.857,2.7517,,,css ztfv
177906792,236.11236,-36.42854,0.6513102,0.0,426.66156,4162.0469854,0.0464016,0.0735282,0.4969,103,103,1,33,32,detached,,,,,,6009995742152335232,15.118,3.1872,,,?
178246933,127.90656,19.39428,2.7715183,0.019,29547.137,3238.4440514,0.097914,0.097914,0.5,71,72,2,16,15,detached,,,,,,662732046688476288,10.576,2.8605,,,ztfv WB
178354956,164.36808,-47.83847,2.8885753,0.065,311.54327,3747.9600924,0.0676824,0.067022,0.5002,90,90,1,8,9,detached,,,,,,5362503789913072768,15.309,2.4863,,,
178709444,166.07576,-47.82139,6.9433861,0.0,528.08826,1576.1467171,0.0867137,0.0866875,0.5,10,90,5,14,18,detached,,,,,,5362352744504000256,14.93,2.7548,762,PC,
179094834,286.63672,3.90288,4.2181303,0.368,4733.1265,2773.2294836,0.8433713,0.8431166,0.5,54,54,1,3,3,detached,,,,,,4269294730306503936,12.337,2.6739,,,?
180412528,11.35158,-77.86865,4.5870026,0.022,4120.7686,1326.2925343,0.1145712,0.1145712,0.5045,1,68,5,22,27,detached,,,,,,4635916819457641344,12.329,2.1075,,,? WB
180670276,200.16879,39.05783,2.3444592,0.045,279.83307,1902.2360157,0.0828516,0.0828516,0.5,22,76,3,22,23,detached,,,,,,1476464453328299264,15.546,2.8378,,,good ztfv
181516945,131.46723,-38.61619,2.1227913,0.398,664.12842,2256.4617809,0.3001627,0.3001627,0.5,35,35,1,10,9,detached,,,,,,5528978165418548992,14.467,2.1119,,,?
181602717,131.73657,-41.97734,4.9124102,0.011,131.39769,2964.0446334,0.1827362,0.1856111,0.4999,61,62,2,10,9,detached,,,,,,5524972919429439232,16.119,1.8043,,,?
182776916,124.4423,-36.06758,2.452596,0.011,2091437.5,1520.4249089,0.4903711,0.4903711,0.5,8,89,7,69,67,detached,,,,,,5543095448042982144,5.654,2.1198,,,?
183532608,359.90053,-35.0326,30.3686015,0.059,1279.2605,2093.2058599,0.1806578,0.1795626,0.5373,29,69,2,2,2,detached,,,,,,2312679845529776128,13.696,2.2081,,,? WB
183596242,18.36725,-38.35085,0.4455961,0.02,9108.2236,1354.9435806,0.0552823,0.0534356,0.4998,2,69,5,238,238,detached,1,,,,,4988735051246293504,11.452,2.1502,,,? WB
184342030,271.5863,-18.33356,0.8206721,0.075,39.61119,3775.4890906,0.1639858,0.1943966,0.5056,91,92,2,47,47,detached,,,,,,4095830454433596288,16.464,1.8331,,,?
186510259,20.59704,36.8875,2.1238247,0.068,461.17419,3585.7858201,0.0672048,0.0676257,0.5002,84,85,2,19,20,detached,,,,,,321601417344293120,14.965,2.1739,,,ztfv
186544053,132.92218,-33.10278,8.9105618,0.106,4525.4868,1518.1592434,0.0717272,0.0614368,0.476,8,62,3,7,7,detached,,,,,,5628681669362610688,12.406,1.797,,,?
188464850,133.08274,39.47454,1.78417,0.007,157.45119,2580.973436,0.0654359,0.0645847,0.5002,47,47,1,13,13,detached,,,,,,719966849594086400,16.181,2.9219,,,gaia3 WB
189565461,143.64277,-26.59666,6.3784061,0.048,211.8168,1520.6697096,0.0849597,0.0937354,0.4996,8,8,1,3,2,detached,,,,,,5661081188953512192,15.606,2.2034,,,good
189639080,144.21865,-28.48656,3.1337553,0.041,308.06238,1518.8520847,0.064991,0.065795,0.5001,8,62,4,24,25,detached,,,,,,5633689158848924416,15.45,2.6575,,,good
190332444,99.10518,43.82974,1.5945746,0.015,4140.1343,1843.5444924,0.0755751,0.0762412,0.5001,20,73,3,34,39,detached,1,,,,,964177934129917696,12.703,2.7342,,,ztfv
190885165,326.0862,42.19348,3.2984176,0.052,683.75073,1712.9769606,0.0576234,0.0570655,0.5,15,83,5,29,32,detached,1,,,,,1972599455956632448,14.638,2.9981,,,good ztfv
191694822,252.78732,-33.0164,5.2933339,0.327,867.60828,2363.3297438,0.1459393,0.1508523,0.2963,39,93,3,13,11,detached,,,,,,6027119982956696704,14.037,2.7373,,,?
192028449,265.42177,-26.14687,0.5037235,0.0,51.9805,3775.525741,0.284734,0.284734,0.5,91,92,2,81,76,contact,,,,,,4061861798692086656,16.054,1.7996,,,gaia3
193831684,270.7721,-34.20881,1.2972488,0.0,577.60327,1656.8989445,0.2592931,0.2593714,0.487,13,91,4,71,71,detached,,,,,,4042180300005971200,14.456,3.2326,,,?
194179013,271.03974,-34.12035,6.3749821,0.134,589.69629,3779.3699417,0.6374982,0.6374982,0.5,91,92,2,7,6,detached,,,,,,4042184693721031040,14.26,3.7547,3332,EB,?
194519033,312.62451,41.74133,10.1966341,0.04,6638.3125,2420.4261199,0.1801167,0.1801167,0.5031,41,55,2,6,6,detached,,,,,,2065828524341360256,11.897,1.9493,,,good ztfv
194859374,99.71918,22.9211,3.6570109,0.0,5862.2075,2479.6845587,0.3657011,0.3657011,0.5,43,45,3,18,17,detached,,,,,1,3379371940275817856,12.278,2.6275,,,?
196083021,270.35149,-25.91956,1.3196042,0.0,99.64983,3776.0073168,0.7459174,0.7459174,0.5,91,92,2,29,30,contact,,,,,,4064173311341020800,16.527,2.1829,,,gaia3
197183006,104.6617,39.74888,0.5663199,0.051,294.40942,1842.6612375,0.0427546,0.042614,0.4996,20,60,3,111,114,detached,,,,,,950418645619875840,15.59,2.7143,,,css ztfv WB
197570458,325.99417,-38.01743,7.6179345,0.327,920.79681,1332.3309034,0.073371,0.0617706,0.6945,1,68,3,7,9,detached,,,,,,6586032117320121856,14.249,2.4606,,,good
197757891,331.5055,-37.2859,1.2023003,0.133,299.22849,2062.0961888,0.0569853,0.0577538,0.4998,28,28,1,16,16,detached,,,,,,6575016243463575168,15.501,2.2657,,,?
197787155,51.15535,-59.7655,2.3132628,0.066,89.56432,2089.7876123,0.0431604,0.043343,0.5049,29,31,3,28,28,detached,,,,,,4723087132100796544,17.024,3.5897,,,good
197979666,325.8671,-54.92589,6.7095,0.01,97.04148,2041.2128105,0.1185188,0.1185188,0.5,27,28,2,4,8,detached,,,,,,6460937861927930624,16.86,3.0971,,,good
198508117,210.44325,77.27735,0.2176343,0.0,1879.5964,2420.1974255,0.1229081,0.1229081,0.5,41,53,4,431,434,contact,,,,,,1714785144835710336,13.362,2.1858,,,gaia3
199259182,263.95384,-27.57826,1.6027121,0.058,68.41182,3775.5244635,0.6406977,0.6406977,0.5,91,92,2,26,26,detached,,,,,,4061274483303760640,16.284,2.2893,,,gaia3
199574208,248.58471,57.16232,1.2683902,0.004,12090.678,1741.1972954,0.0633812,0.0633812,0.499,16,86,25,399,405,detached,,,,,,1431176943768690816,11.491,2.9244,,,? WB
200743737,49.39526,-49.39462,1.1556457,0.262,115.66867,2116.5427728,0.1155646,0.1634083,0.5,30,31,2,41,41,detached,,,,,,4749301860128897920,16.343,1.9321,,,?
200790439,52.19202,-48.49865,6.6693001,0.155,76.08477,2119.669864,0.1177731,0.0832907,0.5244,30,31,2,8,7,detached,,,,,,4833791322904630144,17.011,2.7364,,,gaia3
201052649,264.71506,-25.60751,2.0281495,0.228,39.57482,3804.509602,0.5733875,0.5733875,0.5,92,92,1,10,10,detached,,,,,,4062117843071308288,17.072,2.8943,,,gaia3
201270142,264.74277,-28.87769,0.8091328,0.0,82.07494,3803.7307137,0.4573691,0.4573691,0.5,92,92,1,25,28,contact,,,,,,4060207102374580352,15.739,2.0157,,,gaia3
201851536,264.94789,-27.94894,1.219592,0.057,65.90696,3803.0191118,0.6891765,0.6893846,0.5,92,92,1,19,16,detached,,,,,,4060464972245067136,16.904,2.7775,,,gaia3
202172346,265.18307,-26.42111,6.0112542,0.235,90.35669,3775.8720057,0.6011254,0.6011254,0.5,91,92,2,8,6,detached,,,1,,,4061828534080079744,16.446,2.12,,,gaia3
202470405,265.23953,-26.58643,2.5341648,0.358,13.52113,3777.739851,0.5066799,0.7164454,0.5,91,92,2,15,17,detached,,,,,,4061074857597706368,17.0,2.1904,,,gaia3
203122766,265.8669,-27.25243,1.1042017,0.0,127.55373,3775.8189266,0.6241593,0.6241593,0.5,91,92,2,36,36,contact,,,,,,4060792862845242624,15.55,1.9899,,,gaia3
203268198,265.96195,-24.72634,0.8551021,0.0,136.77524,3776.0938124,0.4833537,0.4833537,0.5,91,92,2,48,45,contact,,,,,,4068105512911040640,15.401,1.6725,,,gaia3
203271536,265.89535,-24.49013,1.8231197,0.224,41.69818,3777.1762137,0.5154225,0.3645138,0.5,91,92,2,23,23,detached,,,,,,4068301019785827200,16.707,1.9304,,,gaia3
203407829,266.09585,-26.39354,2.2799331,0.006,207.88618,3775.7340372,0.6445704,0.6445704,0.5,91,92,2,17,17,detached,,,,,,4061049495727484288,14.845,2.0517,,,gaia3
203925021,266.23511,-24.67046,1.4484723,0.0,251.33984,3776.057675,0.8187612,0.8187612,0.5,91,92,2,28,26,contact,,,,,,4068100869956640000,15.244,2.0733,,,gaia3
204210207,266.3085,-28.71045,0.5249759,0.0,38.57087,3775.5437107,0.2624879,0.2624879,0.5,91,92,2,73,73,contact,,,,,,4057542607692225536,16.558,1.9497,,,gaia3
204546795,327.56125,-31.30704,2.37433,0.025,383.57886,2062.5817032,0.0839072,0.0839072,0.5,28,28,1,8,8,detached,,,1,,,6592898945390334080,15.275,2.5793,,,good
206539783,17.55998,-56.32703,8.6747744,0.123,82.89481,1355.675302,0.153234,0.2167384,0.497,2,69,3,8,8,detached,,,,,,4913542577757661568,16.699,2.0243,,,? WB
206556127,333.65984,-21.69813,2.2110196,0.0,46639.023,1326.4154234,0.221102,0.221102,0.5,1,68,3,28,29,detached,,,1,,,6819282544098280576,9.7,1.8556,,,vespa good
206609630,22.55002,-59.58325,0.670542,0.07,1723.2766,1325.4910689,0.033517,0.033517,0.5,1,69,6,203,201,detached,,,,,,4717055692347031296,13.982,2.8226,212,PC,?
207109794,42.32172,-56.46663,12.6328714,0.03,2976.2983,2089.2019421,0.1577679,0.1577679,0.5115,29,30,2,3,4,detached,,,,,,4728178283254347136,12.736,1.8552,,,good
207385593,203.70563,20.19408,34.233308,0.0,4620.7969,1937.6672228,0.1510858,0.1510858,0.5,23,50,2,2,2,detached,,,,,,1249132315386361600,12.524,2.6682,,,good
207394908,205.00701,22.39795,1.3010817,0.002,262.98795,1930.6197843,0.0650344,0.0650344,0.5,23,50,2,26,26,detached,,,,,,1443474603368456448,15.538,2.4861,,,gaia3 WB
208351772,208.43819,-55.73874,5.0660076,0.319,616.3125,4075.3839892,0.0920398,0.1762039,0.5375,100,100,1,5,5,detached,,,,,,5872519748904513152,14.619,2.9813,,,
209135578,288.5761,11.71278,6.3738311,0.012,1299500.0,2770.7868794,0.6373831,0.6373831,0.507,54,81,3,10,10,detached,,,,,,4312877004708183552,6.097,1.9079,,,?
211116547,280.43457,-31.67288,1.276652,0.033,1112.9792,1658.2506738,0.0902593,0.0902593,0.5,13,13,1,18,19,detached,,,,,,6737128340943739776,13.797,2.082,,,?
211170874,280.47487,-32.25828,3.6089604,0.05,1424.8715,1657.2993261,0.1275382,0.1275382,0.5,13,13,1,6,7,detached,,,,,,6736537151609414144,13.614,2.0039,,,?
212950885,8.01857,-5.81559,4.9233931,0.083,151.53833,2117.3784862,0.1230105,0.1230105,0.5,30,43,3,11,11,detached,,,,,,2526867768638131328,16.127,2.1935,,,ztfv
214376691,261.09455,-48.56363,7.5722141,0.0,40.05456,4156.0985141,0.2084683,0.2375127,0.6356,103,103,1,3,4,detached,,,,,,5949747624583626752,17.299,2.6554,,,?
219244444,65.27318,-48.65196,0.6074073,0.093,1496.042,1386.4473558,0.0107294,0.0107294,0.5,3,32,5,175,176,detached,,,,,,4788741548375134336,13.644,1.8656,,,good
219338901,354.71284,-59.17928,23.5545181,0.0,142.68216,1327.763169,0.2079745,2.3554518,0.5,1,1,1,2,0,detached,,,,,,6489290727754963072,16.073,1.9653,,,
219739347,241.83923,61.92008,0.7735265,0.024,1034.0103,1930.5911954,0.0546883,0.0546883,0.5,23,83,19,510,507,detached,,,,,,1628422835801434368,14.076,2.4126,,,gaia3 WB
219747045,247.11798,27.22786,0.2606392,0.034,400.91559,1983.7410459,0.1041927,0.1041927,0.5,25,25,1,94,93,detached,,,,,,1305102439403376896,14.995,1.8042,,,gaia3
219769809,192.51112,-18.35366,8.7609695,0.448,790.87817,2308.6273395,0.0773549,0.1547566,0.576,37,37,1,3,3,detached,,,,,,3509990146379312256,14.5,2.8912,,,ztfv
219851943,256.30271,66.12739,0.1162002,0.0,296.65063,1957.201955,0.046424,0.046438,0.5,24,85,16,3054,3053,contact,,,,,,1635581274974672768,15.452,2.2124,,,ztf. USP
220318793,100.1956,12.0986,2.7765048,0.125,857.53619,1469.9455508,0.0981198,0.0981198,0.4969,6,72,5,38,41,detached,,,,,,3352042036878308352,14.065,1.8675,,,
229573730,240.52593,20.41402,2.6313976,0.098,140.56326,3435.4515381,0.1315301,0.1315301,0.5,78,78,1,4,3,detached,,,,,,1203566251429799680,16.665,3.1582,,,
229675762,253.0984,74.90128,1.4470701,0.0,250.5007,2709.9977765,0.0457561,0.0458776,0.4999,24,86,31,439,459,detached,,,,,,1656500102167933056,15.667,2.4314,,,?
229972643,289.99338,63.70574,0.8732409,0.047,181.13562,3293.3456933,0.0873241,0.0873241,0.5,73,85,11,265,269,detached,,,,,,2254061582122141312,15.746,1.9605,,,gaia3
230086768,246.62458,66.14361,34.9271,0.398,615.61639,1727.2724583,0.1541012,0.1541012,0.2536,15,85,37,23,20,detached,,,,,,1642301524402771200,14.63,2.5064,1635,EB,good ecc
230225513,252.58636,46.65038,1.1208251,0.032,639.11896,1984.1073456,0.0560243,0.0560243,0.5,25,25,1,22,21,detached,,,,,,1407718450873494784,14.547,2.5846,,,ztfv
231809798,85.53073,-52.11507,0.905674,0.025,1569.7158,1411.142407,0.0640118,0.0640118,0.5,4,87,14,331,329,detached,,,,,,4793035862836965632,13.596,2.3569,,,?
232149726,90.72388,0.59953,0.1964473,0.0,696.59021,2201.9339333,0.1110435,0.1110435,0.5,33,33,1,123,124,detached,,,,,,3122636494882864768,14.51,2.367,,,ztf
232895170,311.74529,31.69721,2.9204377,0.198,882.59399,1711.7686844,0.206475,0.206475,0.5,15,55,3,20,22,detached,,,,,,1859822032908526720,14.118,2.3425,,,?
233058262,269.49618,64.06864,26.2785001,0.41,214.67374,1961.0494333,0.215486,0.125567,0.7013,24,85,29,27,26,detached,,,,,,1439929468642754944,15.686,2.0537,,,
233060434,269.72962,62.19378,1.6513875,0.022,1006.3037,1957.174807,0.0934535,0.0904355,0.5,24,25,2,29,31,detached,1,,,,,1436295342194947840,13.878,2.2948,,,gaia3
233082499,271.67723,60.71479,3.5207782,0.0,355.55548,3341.7496178,0.0910643,0.0912105,0.4991,75,83,9,58,62,detached,,,,,,2158790651919783552,15.15,2.2831,,,ztf
233130175,274.1754,61.81882,1.4939111,0.067,227.01233,3584.8683242,0.0652499,0.0626831,0.4997,84,85,2,23,21,detached,,,,,,2159095457158715136,15.753,2.1014,,,good ztfv
233211759,266.77271,70.77962,100.2052838,0.347,1490.2943,1744.3882782,0.2037579,0.1415918,0.6891,14,86,37,9,8,detached,,,,,,1638976257642500480,13.655,2.4013,,,good
233460141,211.037,50.3441,1.6279846,0.032,695.33978,1740.2954093,0.0501544,0.0500714,0.5001,16,77,7,79,75,detached,1,,,,,1511457269875245312,13.926,2.8954,,,good ztfv
233511804,270.78442,50.19633,1.5262531,0.182,85.20945,2883.9679952,0.1079061,0.1079061,0.5,58,81,6,82,74,detached,,,,,,2123377821930505472,16.87,2.9175,,,ztfv
233576835,282.56591,64.61192,4.1670185,0.057,118.95596,2392.1175165,0.0585676,0.0569646,0.4993,40,55,11,60,58,detached,,,1,,,2253785158025169024,16.358,2.493,,,good ztfv
233625135,284.49476,63.58685,8.1687143,0.315,287.04236,3292.6741403,0.0978102,0.0637151,0.3494,73,83,10,29,30,detached,,,,,,2253118991417905024,15.743,3.1249,,,good ztfv
233751709,302.69226,56.1789,,,,,,,,,,,,,,,,,,1,2186285245845919360,10.015,1.8457,,,mixed big ecl
234459718,264.41896,-23.29281,0.5870349,0.0,187.95366,3803.3256402,0.3318264,0.3318264,0.5,92,92,1,37,36,contact,,,,,,4116524775215645696,16.192,2.2159,,,gaia3
235726293,276.47069,24.47783,1.9550098,0.026,3850.2651,2013.6703402,0.0627429,0.0630581,0.499,26,53,3,35,36,detached,1,,1,,,4536561787682686464,12.645,2.3645,,,ztfv
237912030,22.21325,-64.68713,11.2748245,0.0,2507.9053,2066.7945854,0.0753539,0.1420263,0.7121,28,29,2,4,3,detached,,,,,,4711147775853300608,12.969,1.9403,,,?
238607424,132.70768,19.81015,6.0157334,0.061,124.68616,2501.0545896,0.082794,0.0881047,0.4992,44,72,4,14,14,detached,,,,,,660751581432060800,16.508,2.8912,,,good ztfv
238611475,122.33118,-48.39079,3.0724323,0.093,391.81354,2965.3795564,0.1535752,0.217221,0.5,61,62,2,16,14,detached,,,,,,5516140233292943872,14.873,2.3558,,,
239081113,266.0639,-20.15782,10.348686,0.167,54.6904,3778.4412523,1.4633042,1.4633042,0.5,91,92,2,5,3,detached,,,,,,4119722872161613952,16.747,1.8971,,,gaia3
239187696,113.65603,31.86949,0.814284,0.0,1945148.8,1843.3134039,0.0814284,0.0814284,0.5,20,72,8,212,213,detached,,,,,,892348454394856064,8.296,1.9318,,,gaia3
239262664,299.92879,42.91945,2.0214839,0.0,707.93671,1684.616637,0.057349,0.0576177,0.5001,14,55,5,62,63,detached,,,,,,2075885482332643712,14.207,1.9783,,,ztfv
239335812,266.19448,-22.01943,1.2815559,0.0,34.14066,3776.6744109,0.7244103,0.7244103,0.5,91,92,2,32,31,contact,,,,,,4117078654124427520,16.884,1.9453,,,gaia3
240484997,266.75729,-21.18123,0.5313354,0.0,22.21393,3775.7048255,0.2656677,0.2656677,0.5,91,92,2,73,76,contact,,,,,,4118644869785933952,17.05,1.8964,,,gaia3
241525834,206.54898,-53.35714,3.9273553,0.0,134.25146,4047.3438466,0.074251,0.0742,0.4999,99,99,1,6,5,detached,,,,,,6065897279826011264,16.116,2.7312,6641,PC,
241728550,208.75497,-52.69159,2.7478337,0.0,59.60331,1617.3896989,0.5494008,0.5492349,0.489,11,11,1,6,6,detached,,,,,,6089994077885752704,16.705,3.1812,,,
242594123,215.94763,-43.41577,2.5447401,0.152,1268.2255,2336.5496444,0.3116219,0.2285915,0.5017,38,38,1,9,10,detached,,,,,,6102708727265457152,13.892,2.5383,,,?
243185500,16.65406,19.22588,31.0649306,0.095,6543.5693,1766.9255817,0.2742877,0.2742877,0.5,17,84,5,4,4,detached,,,,,,2785466581298775680,12.105,2.5961,1468,PC,?
243192504,202.99062,-47.10397,4.5749711,0.047,1185.4209,1602.3560721,0.1176059,0.118842,0.4912,11,64,3,16,16,detached,,,,,,6083912679070170496,14.296,3.213,,,
243499565,206.14941,-47.10372,2.3847,0.227,723.62439,2334.1255633,0.23847,0.23847,0.5,38,64,2,23,22,detached,,,,,,6106993554140699520,14.497,2.7014,,,good
243641947,207.47491,-46.06624,5.1853752,0.04,702.82733,3042.5974776,0.0635028,0.0627229,0.5,64,64,1,5,5,detached,,,,,,6107144260251920000,14.46,2.6119,3235,PC,
244252435,74.37704,-3.95014,1.8871281,0.025,5884.8984,1439.5753114,0.0602398,0.0588849,0.4997,5,32,2,25,27,detached,1,,,,,3212738719703024384,12.1,2.1169,,,good
245002119,197.45549,-51.59609,0.5809955,0.0,215.78967,4074.623946,0.072952,0.0735549,0.4997,100,100,1,41,41,detached,,,,,,6080774638525828608,15.489,3.2054,,,gaia3
245266758,199.34686,-51.37145,10.734214,0.0,212.9426,4074.4130185,0.53471,0.6216361,0.6918,100,100,1,3,2,detached,,,,,,6080641357101343616,15.973,3.0771,,,
247145147,253.55606,-46.67718,12.9593416,0.086,4358.6123,1636.8074846,0.1269044,0.1404551,0.4554,12,66,2,4,2,detached,,,,,,5939906102127322880,12.006,1.8193,,,?
247180220,253.70023,-45.36739,1.5388973,0.142,130.698,3099.2228662,0.1088,0.1088,0.5,66,93,2,26,26,detached,,,1,,,5964017945458230912,15.749,2.2301,4991,PC,?
248942621,19.97551,-0.48352,34.186623,0.011,2363.3928,2125.7417251,0.0896753,0.0890009,0.5,30,70,4,2,1,detached,,,,,,2533763149653332992,13.46,1.9572,,,good
250111245,355.82875,-2.0451,5.860501,0.0,442.30243,3210.7914275,0.0907887,0.0814591,0.5002,70,92,2,8,7,detached,,,,,,2640121486388076032,14.962,2.2491,5293,PC,ztfv
251090642,139.79396,53.59464,40.08327,0.0,833.28809,2600.9108839,0.1574523,0.1558381,0.5,47,74,2,2,1,detached,,,,,,1022973218913663488,14.194,2.2826,7464,PC,good
252487037,156.93136,50.51639,1.129342,0.009,267.31732,2610.705878,0.0518555,0.0528493,0.4998,48,48,1,19,18,detached,1,,,,,847322662964518528,15.752,2.7964,,,gaia3 WB
252906811,104.41206,49.86498,4.5995779,0.042,9185.6191,1844.1726407,0.0675585,0.0668108,0.4996,20,73,4,17,15,detached,,,,,,979317968726707584,11.568,2.0112,,,
253795187,282.68707,-37.15668,20.3424127,0.0,373.25012,3860.0276329,0.359335,0.1796132,0.5,94,94,1,2,1,detached,,,,,,6731004958834262400,15.384,3.2259,,,?
253933735,338.80552,-32.36444,2.5214748,0.0,68.11746,2062.9838567,0.0891072,0.0890803,0.5,28,28,1,6,6,detached,,,,,,6601035292780950272,17.289,2.9975,,,?
254301731,355.41002,-28.33659,1.3076669,0.174,164.3674,3909.319662,0.1307667,0.1307667,0.5,96,96,1,17,15,detached,,,,,,2330823642814449792,16.021,2.1259,6856,PC,good
255904363,299.82688,20.681,0.4187766,0.02,316.68134,1684.0877538,0.1183942,0.1183942,0.5,14,81,4,224,221,detached,,,,,,1823754924801867648,15.251,2.6613,,,?
258037656,328.35171,21.4144,8.0695,0.099,269.99905,3537.8006879,0.2016157,0.2016157,0.5,82,82,1,3,4,detached,,,,,,1793136446510419072,15.581,2.6367,5879,PC,good
258066616,55.51421,25.3776,0.3013439,,133.63655,3249.5015615,0.0301344,0.0301344,0.5,42,71,5,342,343,detached,,,,,,70088819686490496,16.582,3.1686,,,
258172452,250.51247,21.56524,0.3059451,0.039,423.38644,1983.9207571,0.0864951,0.0864951,0.5,25,25,1,79,80,detached,,,,,,4564371975797619072,14.976,1.9749,,,gaia3
258366664,314.56372,17.14565,0.287863,0.0,3019.4521,2797.2221309,0.162717,0.162717,0.5,55,55,1,79,81,contact,1,,,,,1764493618852082176,12.712,1.9012,,,vespa
259070502,113.44986,-14.5239,17.2594904,0.255,10704832.0,1506.4836395,0.6097545,0.8624534,0.3509,7,88,4,6,5,detached,,,,,,3030133379058134144,3.896,2.3161,,,?
261055226,259.3115,-51.41483,5.4155156,0.028,19204.227,3098.9159962,0.382877,0.382877,0.5,66,66,1,4,3,detached,,,,,,5925793831722621056,11.354,4.4078,,,?
261335113,92.33487,-80.69427,8.1306077,0.059,522.58301,1330.2651265,0.1436217,0.1436217,0.5369,1,88,17,49,46,detached,,,,,,5210696143605692288,14.923,2.6601,,,good
262400835,78.48501,2.6107,0.2982414,0.289,612.23279,2174.4560024,0.0843172,0.0843172,0.63,32,32,1,79,79,detached,,,,,,3234917110482839680,14.894,2.9978,,,?
262499797,109.87973,-55.72802,3.5017865,0.126,196.01859,2965.0369844,0.0874918,0.0874918,0.5,61,90,9,52,60,detached,,,,,,5487451226137090304,16.05,2.6929,4858,PC,?
262605041,132.35153,1.77207,3.6663329,0.022,818.09479,1521.0886654,0.091603,0.091603,0.506,8,61,2,11,11,detached,,,,,,3075872719163218048,14.45,2.7332,,,good ztfv
262605715,132.45037,0.20736,2.3222982,0.0,1544.5051,3694.0248675,0.0580224,0.0820684,0.5,88,88,1,9,7,detached,,,,,,3074654494639789952,13.631,2.1952,,,
263925187,269.99173,-30.07318,0.666155,0.049,2023.5519,1657.1072946,0.0666155,0.0666155,0.5,13,13,1,36,37,detached,,,,,,4044231915624652288,12.771,1.799,,,?
264301607,295.80874,66.57153,0.8708604,0.213,156.79962,2828.1895729,0.0391852,0.0435298,0.5,56,86,19,478,489,detached,,,,,,2248661227683066240,16.174,2.648,5278,PC,good ztfv
264572900,273.08024,-24.16366,2.3973416,0.252,15.98743,3777.5752889,0.4793235,0.4793235,0.5,91,92,2,15,17,detached,,,,,,4066227512644096128,17.575,2.1465,,,gaia3
264615805,34.50879,56.26692,0.1200936,0.01,12700.043,1790.8442352,0.0240115,0.0240115,0.5,18,58,2,399,398,detached,,,,,,456810629964685312,10.896,1.8522,,,?
265176813,298.12445,-79.76648,0.624192,0.0,552.66687,4154.0841853,0.312096,0.312096,0.5,103,103,1,33,34,contact,,,,,,6361697282435054976,14.957,2.9218,,,
266958963,61.90847,50.5905,3.1505506,0.004,1585.3489,1816.4241236,0.0787162,0.0787162,0.5,19,59,2,16,15,detached,,,,,,247667266200977664,13.902,2.9135,,,good ztfv
267521367,176.06102,-58.44136,3.0022245,0.0,631970.31,2308.3583974,0.2122573,0.4245145,0.55,37,64,2,17,17,detached,,,,,,5341684021877371648,6.851,1.8013,,,?
268328695,68.05463,29.94359,3.9066048,0.002,718.35693,2914.2825923,0.1952123,0.1952123,0.5,59,86,4,22,20,detached,,,,,,159114317681899264,14.494,2.5749,,,good ztfv
268665785,177.26147,-57.00382,,,,,,,,,,,,,,,,,,1,5342275627839946752,14.32,2.8187,,,?
269762258,66.47086,-81.31973,1.324597,0.032,935.94067,1325.7429813,0.0662098,0.0662098,0.5,1,68,8,133,127,detached,,,1,,,4622145951717126656,14.263,2.6341,,,good
270219709,330.18811,-27.00567,1.0266129,0.128,156.1355,2062.1081807,0.1026613,0.1026613,0.5,28,28,1,19,18,detached,,,,,,6619609828040358144,16.349,2.76,,,ztfv
270348090,215.48231,-30.84275,5.6385862,0.038,321.80447,1603.4581014,0.0996018,0.0996018,0.502,11,38,2,8,7,detached,,,,,,6220637568453680128,15.473,2.7358,,,good
270697689,293.79737,46.56171,8.7855526,0.086,106.97631,2774.2101239,0.2195062,0.2195062,0.5,54,54,1,2,2,detached,,,,,,2128175953241228288,16.35,2.1072,,,ztfv
271225404,211.10742,-31.31086,2.1195295,0.067,155.56981,1603.5020679,0.1059445,0.1059445,0.5,11,64,2,20,20,detached,,,,,,6172419104492482048,15.877,2.0062,,,good
272086159,115.00326,-72.20774,32.3108,0.005,663.6261,1363.0420452,0.0712789,0.0712789,0.5,2,90,27,17,21,detached,,,,,,5263409067503771392,14.695,2.8341,176,EB,good
272568264,236.73526,1.61416,2.5843324,0.002,6212.3652,2698.8670278,0.1291386,0.1291776,0.5,51,51,1,4,3,detached,,,,,,4422994983990609280,12.183,1.8688,,,vespa
272905062,188.19413,-54.0471,0.3454001,0.0,393.51846,4074.6643865,0.0546305,0.0535194,0.4997,100,100,1,69,68,detached,1,,,,,6074616239551648000,14.882,2.3219,,,gaia3
273571987,357.41656,-75.33563,1.5018805,0.113,131.44049,2036.7986167,0.106183,0.106183,0.5,27,68,4,57,56,detached,,,,,,6377883399265729536,16.422,2.5261,,,good
273821594,189.10435,-55.1195,1.32719,0.0,1301.2689,4074.5010049,0.1044139,0.1056993,0.5016,100,100,1,19,18,detached,,,,,,6074279754632630272,13.894,2.7748,,,?
274229418,115.47009,5.04013,,0.0,,,,,,,,,,,,,,,,1,3138456714862505472,11.624,2.5203,,,good
274662200,316.86709,46.86495,2.4585413,0.0,5575.8691,1712.35297,0.2458541,0.2458541,0.5,15,83,6,60,55,detached,,,,,,2164365897458715392,12.058,2.3348,1285,PC,?
275083922,149.4401,-54.16495,5.864408,0.381,5350.4697,1546.3941411,0.5864408,0.5864408,0.5,9,63,3,12,11,detached,,,,,,5308262510524130176,11.998,2.099,,,?
275911914,54.30867,69.18049,0.7712564,0.017,3571.5662,1816.4846423,0.0421959,0.0420892,0.5001,19,73,5,143,143,detached,1,,,,,494406712082475520,12.852,2.9078,,,ztfv
277173427,84.20623,-69.46037,1.1724877,0.015,1650.0083,2036.5652165,0.3314794,0.3314794,0.5,27,89,22,434,439,detached,,,,,,4657656977543417344,12.901,1.935,,,?
278784173,335.7301,-37.5278,1.4948233,0.036,1120.4756,1325.7107751,0.0273236,0.0270193,0.5,1,68,2,32,29,detached,,,,,,6597949448973249792,14.348,3.0734,,,good WB
278802982,336.03367,-38.11406,1.7656056,0.012,95.73515,2062.1124044,0.064762,0.0594725,0.5002,28,28,1,9,9,detached,1,,,,,6594849616456835968,16.835,2.8511,,,good
279074053,50.22629,-4.38675,3.4536759,0.096,162.93962,2145.6227026,0.0862898,0.0862898,0.5,31,31,1,7,6,detached,,,,,,3260678083804105728,16.075,2.039,,,ztfv
280280909,144.17951,-52.09838,0.7531208,0.0,664.23059,3718.6020972,0.3010664,0.3010664,0.5,89,90,2,73,73,detached,,,,,,5312613724690338176,14.682,2.9402,,,?
280794372,359.39828,-62.62763,1.3755161,0.045,437.1059,2062.2436502,0.0507693,0.0506234,0.5001,28,68,2,28,30,detached,1,,,,,6487485776339201280,15.081,2.7835,,,good WB
281498280,6.35885,-55.47828,0.7506324,0.016,2570.5481,1325.4744772,0.0462445,0.0459605,0.5,1,69,4,121,123,detached,1,,,,,4920056565677305600,13.171,2.818,,,good
281596890,8.8108,-55.8893,1.6679039,0.0,259.487,3883.6667725,0.2358416,0.2358416,0.5,95,96,2,25,25,detached,,,,,,4920522621169754752,15.686,2.4923,6857,PC,good
281930065,177.46773,1.5205,1.1102695,0.222,651.19135,3262.4707127,0.0784961,0.0784961,0.5,72,72,1,19,17,detached,,,,,,3796406534503549056,14.653,2.5158,,,good
284050381,8.9934,65.03349,2.7222278,0.391,1090.2123,1792.647725,0.2722228,0.2722228,0.5,18,58,2,18,16,detached,,,,,,527168894421337344,14.035,2.5282,,,?
284575436,100.63969,29.18421,3.3476748,0.067,358.52979,3237.5376139,0.1183046,0.1183046,0.5,71,72,2,12,13,detached,,,,,,3386561444947668992,15.416,2.8124,,,?
285181196,35.21189,33.34652,0.1926008,0.112,4958.1172,1790.8787525,0.0544346,0.054451,0.5,18,58,2,230,231,detached,,,,,,325274469080098816,12.516,2.4544,,,?
287294032,235.57153,-21.82966,0.9664109,0.139,785.72192,3775.9103024,0.0294319,0.032958,0.4999,91,91,1,17,19,detached,,,,,,6241116213041406464,14.395,2.5534,,,good
287346045,207.46668,-13.22694,0.150756,0.0,1490.6615,3775.4185493,0.0127528,0.0852161,0.5,91,91,1,106,106,contact,,,,,,3612227169936143360,13.608,1.9585,,,vespa ztfv
288621065,275.68107,37.96323,,0.0,,,,,,,,,,,,,,,,1,2108166009842570496,10.879,2.0692,,,good
291013124,309.34643,-38.72347,6.0354861,0.1,205.97488,3862.0610887,0.0968463,0.0824265,0.5003,94,94,1,3,4,detached,,,,,,6681652795295832576,15.775,2.4775,6783,PC,good
291320884,260.95604,-57.41111,0.3717529,0.03,948.75452,1628.7863832,0.043385,0.0429552,0.4999,12,66,2,106,112,detached,1,,,,,5916239801548084096,14.072,2.3625,,,gaia3 WB
293066086,35.60773,47.48884,0.4654298,0.016,16105.014,1791.6587334,0.0657522,0.0658118,0.5,18,58,2,101,106,detached,,,,,,354062574010302208,10.943,1.9304,,,ztfv
293372732,5.50019,0.69708,1.2075378,0.105,48.03942,3209.9569078,0.0635041,0.0642285,0.4997,70,70,1,17,16,detached,,,,,,2546872420633409536,17.424,2.3372,,,gaia3
293605127,149.58361,-14.28492,0.1207888,0.017,549.78558,1517.9154338,0.0189524,0.0183594,0.4998,8,8,1,151,148,detached,,,,,,5686762409025806592,15.477,2.9384,,,good
293689267,97.96209,-43.53483,29.6208877,0.132,18307.074,1470.2191137,0.3699257,0.3699257,0.5,6,61,3,3,3,detached,,,,,,5568872398635858816,11.598,2.4152,,,?
294261093,168.84231,-66.51194,2.6582762,0.072,1384780.6,1572.4141627,0.3758802,0.3758802,0.5421,10,65,4,35,35,detached,,,,,,5235434090107342592,6.114,2.0996,,,?
295941202,109.1138,-16.45869,2.7269169,0.035,286.56918,1492.5836606,0.385586,0.385586,0.5,7,7,1,8,9,detached,,,,,,2934934054550736640,15.269,2.4366,,,?
296780789,142.34714,-14.51131,27.1546815,0.004,1298.642,1524.633924,0.0847303,0.0847303,0.5,8,62,3,3,2,detached,,,,,,5689391929738059648,14.182,2.6682,573,PC,? WB
298600301,272.21079,53.68472,2.5415081,0.002,832.07874,3584.7872776,0.127037,0.127037,0.5,84,85,2,15,12,detached,,,,,,2149440714275286016,14.466,1.9466,,,ztfv
299090106,288.88508,51.60427,1.0177822,0.0,199.561,2391.0809374,0.0457263,0.0479226,0.5008,40,53,2,39,37,detached,,,,,,2133453162373603584,15.758,2.0047,,,good
299876474,244.02162,-60.03801,5.1867104,0.55,189.54355,3848.8247175,0.3667004,0.3667004,0.5,93,93,1,4,5,detached,,,,,,5831437493385231744,15.417,1.8783,6750,PC,?
299941037,106.3648,-67.15555,2.6366597,0.018,2172.0991,2037.024839,0.0931496,0.0931778,0.5,27,39,11,93,87,detached,,,,,,5280952256562534656,13.29,2.5092,,,good
300446218,111.5949,-66.28107,7.8628629,0.043,725.87823,3942.1417306,0.1964529,0.1964529,0.509,97,97,1,5,5,detached,,,,,,5281235758763812224,14.397,1.9281,,,good
302527524,134.19366,-68.51068,21.5688943,0.037,1394.9929,3020.3068576,0.1346428,0.1346428,0.5,63,90,5,6,6,detached,,,,,,5223714464361866496,13.737,2.285,2952,PC,good
302849206,110.16939,30.4465,1.3616532,0.045,432.23389,3237.0484871,0.0680621,0.0680621,0.5,71,71,1,13,15,detached,,,,,,885933010205084672,15.299,3.0829,,,ztfv
302908037,110.2868,34.80241,0.4048326,0.002,169.01613,1843.0326472,0.0404833,0.0404833,0.5,20,60,4,206,209,detached,,,,,,896495331218943616,16.184,2.6219,,,ztf css ztfv
303682623,75.76917,14.35605,1.3612195,0.086,908.30603,2500.9568119,0.0680404,0.0680404,0.5,44,71,2,33,34,detached,,,,,,3392521347725000704,14.184,2.4406,,,good
305448980,165.76558,-59.65723,3.28932,0.384,5448.8037,3014.824743,0.2325549,0.2325549,0.5,63,64,2,16,16,detached,,,,,,5338513167797052800,12.301,3.1688,,,?
305506996,325.29955,9.59916,4.7366257,0.0,243.56091,3534.9259701,0.1673892,0.1673892,0.5,82,82,1,5,5,detached,,,,,,1741429438313012608,15.666,2.3629,5916,PC,?
305887851,307.41827,16.97482,0.2159905,0.051,541.30811,2797.322093,0.0610637,0.0610637,0.5,55,55,1,119,119,detached,,,,,,1811912394266768896,14.962,2.7004,,,WB
306547699,179.4579,-62.32755,5.4047615,0.259,324.8949,3041.6578767,0.5404762,0.5404762,0.5,64,64,1,5,4,detached,,,,,,5334669068989106176,14.479,3.4834,3216,PC,?
307433122,125.67372,-70.67491,27.851304,0.318,1514.7659,1559.042508,0.2458387,0.1738605,0.6849,2,90,21,17,18,detached,,,,,,5221745823149029760,13.526,2.1705,,,good
307686978,180.07444,-63.93024,5.5451815,0.0,1164.1011,4076.2293279,0.156662,0.143049,0.4999,100,100,1,4,4,detached,,,,,,6054264068849034752,13.613,2.335,,,?
307956290,256.64598,63.43176,1.191917,0.056,308.29053,3445.583179,0.0842685,0.0842685,0.5,73,83,10,184,180,detached,,,,,,1631203603786995456,15.187,1.9278,,,ztfv
308186412,130.50374,-71.22268,0.8133906,0.0,694.32642,1579.0472322,0.4597759,0.4597759,0.5,29,39,5,139,139,contact,,,,,,5221537843653900544,14.664,3.2125,,,? WB
308274438,167.47642,-58.14005,0.5288764,0.003,829.68829,3747.2641985,0.0747831,0.0747831,0.5,90,90,1,52,51,detached,,,,,,5339533514580069888,14.02,2.2948,,,gaia3
308451526,120.73332,-64.07359,0.7896599,0.028,5488.9268,1326.0284025,0.055829,0.055829,0.4991,1,90,26,737,726,detached,,,,,,5277379015572217856,12.085,2.0203,,,? WB
310720311,185.47163,-63.79265,1.3300929,0.0,1991.5764,3041.8054682,0.751619,0.7513924,0.5,64,65,2,40,40,contact,,,,,,6053706655144658688,13.083,2.5796,,,?
312185848,141.09939,6.37818,2.712152,0.008,2625.4961,2527.0822229,0.0958456,0.0958456,0.5,45,46,2,18,16,detached,,,1,,,585740011966564224,13.416,2.8612,,,ztfv WB
313934158,0.70179,-29.8983,1.0980756,0.084,142.91525,2088.9767852,0.0776339,0.0776339,0.5,29,29,1,17,18,detached,,,1,,,2320868389659322368,16.402,2.7001,,,good
315120782,145.44985,-25.14777,0.9337723,0.005,1567.1641,1518.1484754,0.0660177,0.0660177,0.5,8,9,2,42,43,detached,,,,,,5661733233706488832,13.692,2.6096,,,gaia3
316050212,51.38882,54.13656,0.9534814,0.0,178.09128,2911.8792431,0.0953481,0.0953481,0.5,59,86,2,40,38,detached,,,,,,446592078128154240,15.841,2.7905,,,good ztfv
316339361,280.36971,-37.82221,,,,,,,,,,,,,,,,,,1,6729978186777308416,14.533,2.6938,,,good
317018543,336.20438,-73.84111,1.1043212,0.028,54.24089,2037.2393415,0.0780755,0.0780755,0.5,27,27,1,21,21,detached,,,,,,6381973990541806208,17.176,2.7233,,,good
317674257,56.4304,58.41339,6.1139425,0.034,326.88556,1816.4337438,0.1079987,0.1079661,0.5,19,59,2,7,8,detached,,,,,,473165865423634944,15.115,2.8004,,,ztfv
318022259,107.86643,48.33039,,0.0,,,,,,,,,,,,,1,,,,978086481343568128,11.394,2.0954,1730,PC,?
319039689,110.18502,-11.02656,1.0596493,0.053,2166.1436,2202.6677372,0.5989756,0.5989757,0.5,33,34,2,45,47,detached,,,,,,3046851414695327872,13.29,2.3943,,,?
322048806,13.5613,-49.74535,2.6427329,0.051,151.51772,2089.2164382,0.0933924,0.0933924,0.5,29,29,1,8,6,detached,,,,,,4931814330709749504,16.378,2.8498,,,good
322475380,266.56158,-26.32275,1.5234308,0.142,14.82315,3776.1369049,0.4306961,0.4306961,0.5,91,92,2,26,26,detached,,,,,,4067045446258546816,17.075,2.5772,,,gaia3
323048819,266.76876,-25.07893,0.6080791,0.0,17.7277,3775.6768815,0.3437218,0.3437218,0.5,91,92,2,65,67,contact,,,,,,4067275622093270656,17.108,2.1548,,,gaia3
323478101,176.4919,-63.87946,0.953689,0.004,2364.3958,2307.568274,0.0953689,0.0953689,0.5,37,38,2,53,52,detached,,,,,,5333128515745967616,13.159,2.6899,,,gaia3
328468855,190.75722,-67.93899,3.7377101,0.0,1475.7765,4074.9701411,0.373771,0.373771,0.5,100,100,1,6,7,detached,,,,,,5856567140866125440,13.481,2.6002,,,?
328513434,60.42433,60.89159,3.5796842,0.104,214.89401,3289.9214336,0.1265036,0.1265036,0.5,73,73,1,5,4,detached,,,,,,473934011733049856,15.639,2.511,6383,PC,?
330602648,108.73622,33.07002,1.8371078,0.011,259.27539,2527.7870254,0.0918276,0.0918276,0.5,45,45,1,11,12,detached,,,,,,890289206555843328,15.627,2.6683,,,good ztfv
334325329,225.13103,-46.35864,2.6098804,0.0,442.60968,3069.3819407,1.4752569,1.4752569,0.5,65,65,1,9,9,contact,,,,,,5906896357885973760,14.998,2.7323,,,?
334409011,183.32709,-51.94479,6.7511191,0.0,1684.9629,4074.8754767,0.1702211,0.1677843,0.5008,100,100,1,4,4,detached,,,,,,6125369661922536960,13.499,2.8761,,,?
334751536,237.51774,30.07844,,0.0,,,,,,,,,,,,,,,,1,1321013300370025344,16.115,2.5758,,,good ztfv
334838280,225.64309,-44.32582,1.3877839,0.0,128.41934,4161.9754494,0.6938919,0.6938919,0.5,103,103,1,15,16,contact,,,,,,5907453810283014656,15.827,3.0055,,,good
335221105,267.43462,-22.46558,1.9216769,0.266,30.5914,3775.8589473,0.2717251,0.2717251,0.5,91,92,2,20,20,detached,,,,,,4068929455083270016,17.011,1.9863,,,gaia3
335421673,267.55551,-23.33658,2.9180401,0.009,77.51494,3775.5876439,0.8249725,0.5834318,0.5,91,92,2,14,14,detached,,,,,,4068659117028491904,16.392,2.1568,,,gaia3
335590096,183.56474,-13.17482,3.0455157,0.0,462.90088,3016.8964199,0.0760919,0.0760919,0.5,63,91,3,21,22,detached,,,,,,3571038605366263424,15.077,2.8893,4860,PC,good
337134552,34.06782,10.21983,0.9831232,0.021,2546.5403,2447.9464514,0.0444107,0.0491414,0.5,42,42,1,18,17,detached,,,,,,72113570347479424,13.143,2.6251,,,ztfv WB
337470211,336.61806,61.76537,1.3237974,0.0,1530.3767,1765.8303047,0.0661699,0.0661699,0.5,17,78,5,82,84,detached,1,,1,,,2202055163171084160,13.757,2.3863,,,ztfv
338855427,253.27267,-40.06653,2.5306692,0.0,20.68814,4155.4240857,0.1991853,0.147788,0.5001,103,103,1,9,9,detached,,,,,,5969758633115747840,17.623,2.4765,,,?
340354034,115.22106,-56.31955,0.6855839,0.0,111.33971,3936.4051708,0.3875321,0.3875321,0.5,97,97,1,61,61,contact,,,,,,5487750082845209472,17.079,3.6754,,,?
341525754,177.0182,25.85913,0.3134152,0.112,42.09522,1900.2930255,0.0626641,0.0626641,0.5,22,49,2,131,131,detached,,,,,,4005715271683253632,17.49,2.028,,,css ztf
342087010,204.15864,-68.02934,1.2845019,0.0,162.8665,4074.6969852,0.055488,0.0553918,0.5,100,100,1,19,19,detached,,,,,,5850546764924976512,15.967,2.7609,,,?
343285974,254.66606,-41.67316,16.1989676,0.0,222.06258,1631.946804,1.145267,1.145267,0.675,12,66,2,3,2,detached,,,,,,5966380516756861824,15.426,2.7194,,,?
343941899,357.16391,22.92733,5.01286,0.092,255.33203,3560.6311612,0.1252458,0.1252458,0.5,83,83,1,5,5,detached,,,,,,2850892058637940480,15.664,2.9761,,,ztfv
344552721,321.81461,-68.73925,3.9042281,0.112,356.11252,3858.9793467,0.1379728,0.1951524,0.5,94,94,1,6,5,detached,,,,,,6399670153451091840,15.274,2.384,6776,PC,?
344769778,354.69586,58.35889,18.5812314,0.485,843.73346,2894.0653908,0.1159574,0.1640134,0.218,17,85,8,9,10,detached,,,,,,1998994263375897472,14.069,2.5646,,,good
345448353,57.7856,8.48908,1.8574115,0.0,163.74686,2501.9830866,0.131319,0.131319,0.5,44,71,3,34,36,detached,,,,,,3301516179044339840,16.358,3.0611,,,good
345581699,69.85619,9.14958,0.6412657,0.0,220.0295,3993.6177553,0.0542672,0.0554442,0.4995,98,98,1,62,56,detached,,,,,,3292656039469803520,16.089,3.6602,,,good
346783960,47.04223,40.95564,2.8673469,0.0,15573666.0,1793.977105,0.4054428,0.4054428,0.5,18,85,3,24,22,detached,,,,,,,,,,,?
347416701,27.23927,6.87286,3.5147494,0.042,1115.1471,2450.8504748,0.0620857,0.0620857,0.4866,42,42,1,5,5,detached,,,,,,2568338186141473408,14.277,2.9975,,,?
348029211,34.15742,54.45603,2.07521,0.156,800.35443,2883.3494166,0.1467173,0.1467173,0.5,58,58,1,12,13,detached,,,,,,455806088651485440,14.296,1.9147,,,?
348538431,121.62937,-15.76462,1.798935,0.055,775.07178,1492.9943467,0.0635731,0.0635731,0.5,7,88,4,50,52,detached,,,,,,5724250571514167424,14.477,2.6843,507,PC,?
349005337,69.03608,27.55641,2.6078955,0.021,1596.2656,2476.480024,0.0921613,0.0921613,0.5,43,44,2,16,16,detached,,,,,,151866165232956544,13.716,2.6745,,,ztfv
349503728,220.66386,-79.45409,2.2461397,0.251,164.66167,3831.6895276,0.1588021,0.1588021,0.5,93,93,1,10,9,detached,,,,,,5773460863680663680,16.241,2.3561,6616,PC,?
350021134,154.65331,8.46453,6.5017413,0.073,831.75745,2528.576647,0.1148488,0.1148488,0.501,45,72,3,12,6,detached,,,,,,3875771001783016832,14.3,2.3,,,good
350190639,355.04749,-62.40735,3.7346226,0.036,1507.7899,1326.3789718,0.0933092,0.0933092,0.5,1,1,1,7,6,detached,,,,,,6487022744503378304,13.76,2.6574,,,? WB
353142527,324.69816,5.08107,2.2328965,0.02,1609.0822,3534.2452609,0.1115774,0.1115774,0.5,82,82,1,12,10,detached,,,,,,2698662543468273536,13.966,2.9663,,,good ztfv
353146308,324.98589,1.29349,0.8262402,0.126,386.06931,3533.7029971,0.082624,0.082624,0.5,82,82,1,29,29,detached,,,,,,2693530160628134912,15.113,2.1732,5873,PC,good
353193248,325.06602,5.27769,0.3761365,0.059,549.70239,3533.5735988,0.0376136,0.0376136,0.5,82,82,1,63,63,detached,,,,,,2698694669823421056,15.214,3.6552,,,?
353193250,325.06441,5.27388,0.3760658,0.039,4125.8213,3533.5759709,0.0265879,0.0265879,0.5,82,82,1,63,63,detached,,,,,,2698694665527376768,12.604,2.4852,,,?
353937360,272.04734,59.47698,5.7674867,0.195,154.91895,3291.831891,0.1018788,0.1441001,0.58,73,83,10,37,38,detached,,,,,,2152617787482872704,16.244,2.902,,,good ztfv
354180637,53.70462,50.83371,5.1667499,0.148,28.62955,3644.9637522,0.2582595,0.2582595,0.5,86,86,1,3,3,detached,,,,,,442034701212553600,18.083,3.3102,,,?
355640518,79.92908,48.13607,1.6993989,0.112,234.3369,2912.3422602,0.1201475,0.1201475,0.5,59,86,3,35,32,detached,,,,,,212991482660701184,15.595,2.6342,6055,PC,?
355734358,229.2856,21.14646,4.4849777,0.03,1475.2959,2693.0682704,0.0792241,0.0792241,0.502,51,51,1,3,3,detached,,,,,,1214873182332113280,13.854,2.5355,,,? WB
356641568,78.18045,55.484,11.4955405,0.129,11453.281,1818.1189582,0.203061,0.1435641,0.424,19,86,4,7,6,detached,,,,,,267378451667732608,11.236,1.8949,,,good
356895917,273.2112,55.90979,5.7346226,0.005,165.62558,3291.8066808,0.143279,0.143279,0.4993,73,83,10,39,37,detached,,,,,,2150103204390608512,15.991,2.3674,,,good ztfv
356921678,135.55714,-62.64702,1.7021994,0.0,181.79594,3718.6818404,0.0850843,0.0850843,0.5,89,90,2,34,31,detached,,,,,,5297983932199904000,15.784,2.8503,6524,PC,good
356974639,314.32083,44.72724,1.9386179,0.044,1653.4175,1711.8482249,0.0685094,0.0685094,0.5,15,83,8,102,99,detached,,,,,,2163023325027234944,13.505,2.2361,,,ztfv
358908226,347.83418,68.98303,1.0005998,0.024,780.50842,1764.8195534,0.0500149,0.0500149,0.5,17,78,8,179,176,detached,,,,,,2214946451667611904,14.528,3.0434,,,good ztfv
359379855,270.48951,-16.9366,1.1186404,0.0,112.52982,3775.531312,0.6323209,0.6323209,0.5,91,92,2,37,31,contact,,,,,,4144240641429086080,15.733,2.0528,,,gaia3
359426550,183.37129,-72.20954,0.4289718,0.0,701.54846,4046.3549648,0.046638,0.0471181,0.5011,99,100,2,97,99,detached,1,,,,,5842641173233171840,14.251,2.2964,,,gaia3
359455827,140.54327,-60.2155,2.2800641,0.0,262.47858,2989.6936338,0.0805759,0.0805759,0.5,62,89,3,33,34,detached,,,,,,5299441815911381760,15.426,2.3329,,,?
359631418,280.18214,57.58901,1.3761512,0.033,586.60608,1956.9564442,0.0687868,0.0687868,0.5,24,86,33,499,501,detached,,,,,,2154271830928378368,14.765,2.4682,,,ztfv
364816538,311.11744,53.36596,4.63681,0.0,1071.3676,1713.9823469,0.463681,0.463681,0.5,15,55,3,16,15,detached,,,,,,2182442590150311168,14.015,2.5909,,,?
365462119,64.73246,9.39632,27.350965,0.0,695.74603,1449.6735018,0.0603373,0.0603373,0.5,5,71,3,2,3,detached,,,,,,3299441950357981696,14.726,3.2043,,,good
366072761,356.63693,69.82761,7.6597279,0.041,1645.1696,1766.5771954,0.1353039,0.1353039,0.4847,17,58,4,12,11,detached,,,,,,2214481981022834560,13.487,2.2721,,,good
366499079,127.18817,10.05185,7.5385361,0.068,1119.3479,2965.0653609,0.1883496,0.1882927,0.527,61,88,3,9,9,detached,,,,,,599960412461598080,13.861,2.1405,,,good ztfv
366752614,77.0265,30.43981,26.083002,0.0,780.57837,2494.2587469,1.9723092,2.6083002,0.5,43,44,2,2,2,detached,,,,,,156430577302380800,14.622,3.228,,,?
368334916,11.288,71.45554,23.5151765,0.52,1316.562,1979.0700233,0.1467924,0.1467924,0.8153,24,79,6,5,4,detached,,,,,,536204543535311232,13.724,2.1365,,,good ztfv
368736506,16.3526,71.63686,1.9726278,0.1,345.3598,1956.1373774,0.0492859,0.0492859,0.5,24,52,2,23,21,detached,,,,,,533594199851832704,15.275,2.5869,,,ztfv
369215499,313.85158,-40.25771,0.8388685,0.077,242.15326,2037.0842945,0.0561514,0.0838868,0.5,27,27,1,28,28,detached,,,,,,6773785959828888832,15.307,1.961,,,good
369586828,2.51735,-46.01565,0.0820018,0.0,3880.2341,1354.3249817,0.0163806,0.0231691,0.5,2,69,2,564,564,contact,,,,,,4990449121154330880,12.501,2.0806,,,? WB
369603748,21.86676,-43.87313,6.062458,0.051,96.93626,2092.0821308,0.0986808,0.0926634,0.496,29,30,2,7,7,detached,,,,,,4935451996210105472,16.522,2.2085,,,good
371103468,108.42448,38.77919,1.6687067,0.046,6213.1719,2580.9982075,0.0583928,0.055855,0.4999,47,47,1,13,14,detached,1,,,,,946555472859979008,12.081,2.0632,,,?
372953580,66.37493,8.93525,4.0731142,0.002,1101.0918,2175.5543343,0.0879847,0.0882194,0.4991,32,32,1,7,5,detached,1,,,,,3299504691240013696,14.115,2.6072,,,good ztfv
374861595,88.58978,-64.1298,3.8739048,0.05,369.09949,2036.5459523,0.0869115,0.0857058,0.5,27,97,24,135,140,detached,1,,,,,4756470194913503104,15.249,2.4701,,,good
375036945,99.80709,-65.76074,3.17974,0.077,89.1312,3936.5323837,0.158939,0.158939,0.5,97,97,1,13,12,detached,,1,,,,5283761989808619904,16.633,2.2754,,,gaia3 MEB
375052613,151.26329,-60.30148,3.2876381,0.0,2993.064,2282.7024906,0.232436,0.232436,0.5,36,37,2,16,14,detached,,,,,,5256502996316732928,12.557,1.9273,,,?
375517114,307.09237,5.4091,2.1642752,0.1,1876.7493,2770.5152579,0.2164275,0.2164275,0.5,54,54,1,4,6,detached,,,,,,4246382183568597120,13.602,2.9576,,,?
376813436,180.81375,5.31849,1.2915315,0.052,1083.5201,3262.3111565,0.060074,0.0645571,0.4992,72,72,1,18,16,detached,1,,,,,3894999432929077888,13.879,2.0124,,,ztfv
377129640,149.09924,6.80046,1.6412108,0.043,1566.3252,2526.9470591,0.0473088,0.0579993,0.5,45,46,2,28,28,detached,1,,1,,,3850549957388322816,13.643,2.5369,,,good
378421253,155.37521,-63.73617,1.5030727,0.0,158.49675,3747.5002442,0.1503073,0.1503073,0.5,90,90,1,19,17,detached,,,,,,5251740294225360128,15.966,2.9313,,,?
378531958,0.44528,67.50697,5.3318967,0.355,68934.867,3612.5942409,0.5331897,0.5331897,0.2809,85,85,1,4,5,detached,,,1,,,528594342521399168,9.332,1.8972,,,good
379847121,328.58651,21.91676,3.0749218,0.155,183.95895,3534.0049581,0.217397,0.217397,0.5,82,82,1,9,8,detached,,,,,,1793189669745303552,15.791,1.9606,,,?
380362859,206.68723,-63.77621,3.0930468,0.0,153.8179,4076.1084435,0.1006408,0.1000318,0.5007,100,100,1,8,8,detached,,,,,,5864566534630584704,15.418,1.9901,,,?
380704836,269.40266,-62.99853,2.6408767,0.176,320.83536,1657.8103492,0.132004,0.132004,0.5,13,13,1,9,9,detached,,,,,,5910989839669085184,15.131,1.9534,,,?
381856446,322.25263,-58.83475,3.53808,0.058,1896.6283,2037.7742998,0.0624978,0.0624978,0.5,27,67,2,12,10,detached,,,,,,6458529931463278976,13.344,2.097,,,? WB
381963518,267.95086,-21.24766,2.8637711,0.365,4.86157,3775.5598165,0.5725812,0.5725812,0.5,91,92,2,15,14,detached,,,1,,,4118685178086094464,18.232,2.4322,,,gaia3
382602147,36.15606,-64.99997,4.2714,0.045,772.83722,2062.3424555,0.1067205,0.1067205,0.5,28,69,4,19,19,detached,,,,,,4699702272124241152,14.388,2.0662,2384,PC,?
382867002,183.63752,-63.92195,5.1523601,0.0,884.07654,4075.9303806,0.1966279,0.1887041,0.4976,100,100,1,5,5,detached,,,,,,6053364741409631360,14.198,2.9159,,,?
383055703,133.7761,-58.28894,1.0029022,0.035,273.68723,2256.1753225,0.1002902,0.1002902,0.5,35,37,3,63,63,detached,,,,,,5303408407181771648,15.099,2.5447,,,?
383598522,248.19592,19.97521,3.6567385,0.018,4622.9219,1985.232511,0.0913633,0.0913633,0.4986,25,52,2,10,11,detached,1,,,,,4563692443251767680,12.407,2.299,,,good ztfv
387544749,44.25195,10.3187,2.8186944,0.023,7319.7314,1411.7442014,0.0996108,0.0996108,0.5,4,71,6,44,44,detached,,,1,,,27308020547044864,11.863,2.0648,,,vespa
388076422,317.90017,68.4021,5.1523794,0.083,832.43079,2827.2272607,0.0910133,0.0910133,0.5,56,86,9,40,37,detached,,,,,,2270404997834401664,14.296,2.1781,6034,PC,?
388413127,125.13605,-51.54541,4.6765824,0.025,1412.4714,2233.5582256,0.1652673,0.1652673,0.5013,34,36,3,12,14,detached,,,,,,5322435936930192512,13.748,2.3509,,,?
389042478,177.80621,-53.53513,4.069837,0.0,234.80418,4075.3670031,0.0621681,0.0640984,0.5,100,100,1,5,6,detached,,,,,,5344556289822102912,15.474,2.7288,,,?
389471462,312.70002,-38.08542,1.1497832,0.035,583.72607,2036.5849346,0.0452678,0.0574718,0.5,27,27,1,21,20,detached,,,,,,6777961492675292288,14.83,2.7977,,,good
389803517,190.55041,37.12178,0.9693289,0.069,207.4185,2641.4353215,0.0353848,0.0484518,0.5,49,49,1,20,19,detached,,,,,,1520281194284701184,16.109,3.3985,,,good ztfv
390950556,318.25574,72.46331,0.2912131,0.0,671.02966,1983.9187532,0.1646107,0.1646107,0.5,25,25,1,84,83,contact,,,,,,2273524449760482560,14.456,2.287,,,good ztfv
391550834,138.88931,-51.90055,3.6017619,0.0,81498.445,1574.1181667,0.1984505,0.1717356,0.3873,10,90,7,46,46,detached,,,,,,5311918180495171712,9.294,2.2754,,,?
391993423,245.41634,-28.05188,1.2511191,0.239,213.42325,3775.4596945,0.1251119,0.1251119,0.5,91,91,1,14,13,detached,,,,,,6039044255241799808,16.199,3.7757,,,good
392796674,157.24079,9.52501,0.2350358,0.0,321.39746,3262.3581624,0.132856,0.132856,0.5,72,72,1,88,88,contact,,,,,,3876099549601111040,15.22,1.9312,,,css ztfv flat
392803255,290.09669,33.6915,1.2195603,0.015,1611.0286,2421.0437199,0.0861969,0.0861969,0.5,41,41,1,20,21,detached,,,,,,2049202912103770240,13.548,2.4531,,,good ztfv
393963814,352.52182,-38.96985,1.3521869,0.04,539.79016,3930.3293774,0.0955996,0.0955996,0.5,96,96,1,16,17,detached,,,,,,6538398353024629888,14.889,2.388,,,? dup
395035994,287.21593,15.17218,39.0411023,0.004,12255.334,2394.2094605,3.9041102,3.9041102,0.5,40,81,4,3,2,detached,,,,,,4512669674943110272,11.133,1.864,,,ztfv
395476436,287.43829,13.04725,0.75342,0.349,405.46185,2770.1370816,0.1065336,0.1065336,0.5,54,54,1,33,33,detached,,,,,,4314051489325042688,14.671,2.642,,,?
397276345,174.98896,-43.00804,1.1152043,0.516,744.28833,3747.7384407,0.3152845,0.4458123,0.5,90,90,1,23,21,detached,,,,,,5379432420688985216,14.998,3.0115,,,
398221405,139.89104,-29.43577,2.1089885,0.081,285.84247,1518.8893009,0.0745302,0.1054176,0.5,8,62,2,18,19,detached,,,,,,5634845707642893440,15.564,2.5244,,,?
399057180,187.89919,7.65472,1.5427095,0.034,426.56769,2553.68811,0.1090696,0.1090366,0.5,46,46,1,16,14,detached,,,,,,3902457111062055552,15.068,2.5823,,,good ztfv
399421408,163.93811,-68.22654,2.045552,0.066,317.13837,1571.4186914,0.1446205,0.1446205,0.5,10,65,4,43,44,detached,,,,,,5237995058832774784,15.214,3.1097,,,?
399702725,20.70716,0.71005,0.5202958,0.0,2962.4873,3936.3034531,0.2941016,0.2941016,0.5,97,97,1,82,79,contact,,,,,,2534358706998049920,12.848,2.0958,,,? WB
399781021,73.78064,10.48348,3.8593689,0.0,530.46985,3994.68166,0.0882427,0.0864752,0.4999,98,98,1,11,10,detached,,,,,,3294544278891078272,14.935,2.7805,,,good
399948127,51.89903,9.91207,3.1015612,0.027,2432.4199,2144.7825524,0.0774922,0.0774922,0.5,31,44,3,21,19,detached,,,,,,12828418773816832,13.416,2.8283,,,good
400038531,257.57915,-14.74926,,,,,,,,,,,,,,,,,,1,4139489552908817920,10.913,2.2838,,,?
404153857,195.31126,-49.42078,0.3348863,0.0,940.92151,4074.200783,0.0515055,0.0512003,0.4989,100,100,1,71,71,detached,,,,,,6084789677025163264,14.368,3.0088,,,?
404156386,294.28661,-51.56691,2.3444507,0.0,14032.877,1658.1740639,0.1171871,0.1171871,0.5,13,67,2,19,19,detached,,,,,,6645604928622813568,11.049,1.9894,,,gaia3
405491179,56.77332,27.30541,5.5297704,0.34,67.42622,3236.8689641,0.552977,0.552977,0.5,70,71,2,6,8,detached,,,,,,70736088438281856,17.055,2.5961,,,good
405567345,191.78709,-59.76913,3.2124461,0.0,289.00876,4046.4884605,0.4937945,0.6024076,0.5026,99,99,1,6,5,detached,,,,,,6056717736475418368,15.67,3.3684,,,?
405994193,270.67351,-25.30951,1.2051722,0.0,55.39201,3775.7989358,0.6812337,0.6812337,0.5,91,92,2,31,32,contact,,,,,,4064404694147727232,16.24,1.8156,,,gaia3
406276109,325.6468,-64.21582,7.547288,0.055,446.40152,1326.9614662,0.0942557,0.0942557,0.487,1,67,2,6,7,detached,,,,,,6402345437040129664,15.137,2.9552,,,good
406539396,354.732,21.02267,0.6550434,0.08,3379.3291,2825.7430489,0.0327423,0.0327423,0.5,56,56,1,33,35,detached,,,,,,2826254717479033344,12.907,2.7896,,,?
407974697,271.43831,-25.01002,1.448976,0.154,30.41524,3776.2856695,0.2896202,0.2959639,0.4978,91,92,2,27,28,detached,,,,,,4065737744592748288,16.7,2.085,,,gaia3
408195428,55.9813,32.15894,5.1240744,0.223,1199.1666,2519.0074161,0.156093,0.145149,0.5113,42,44,3,13,12,detached,,,,,,216680692063125504,13.887,2.0358,,,good
408474216,310.99932,26.44839,1.9317473,0.035,1160.0095,1683.9072363,0.0585988,0.0590543,0.5,14,82,4,49,49,detached,1,,,,,1856087094979323264,13.986,2.5106,,,ztfv
408552008,195.16774,-20.17882,0.5234382,0.028,1384.8584,1571.9552359,0.0370071,0.0370071,0.5,10,64,2,85,82,detached,,,,,,3508944991857585664,13.953,3.1327,,,good ztfv
408651394,70.09578,31.44616,2.0481346,0.02,3192.8394,1817.4781269,0.0726031,0.0722741,0.5,19,71,6,66,65,detached,1,,,,,159647993138153856,12.885,2.6877,,,ztfv
409900613,144.89253,-17.59858,2.2066057,0.0,857.13184,1518.2688166,0.0551152,0.0551318,0.5111,8,8,1,8,8,detached,,,,,,5684726942420619264,14.495,2.9705,,,good disappear ztfv
411684478,189.37665,-56.61619,0.3241568,0.0,166.12645,4074.197244,0.1620784,0.1620784,0.5,100,100,1,75,74,contact,,,,,,6073160795396904576,16.162,3.3702,,,?
411925682,79.29355,13.312,5.4699781,0.051,747.42419,2475.7737119,0.1512089,0.1475878,0.5206,43,44,2,8,9,detached,1,,,,,3388623097968210560,14.347,2.2968,,,good ztfv
412904424,222.74277,-59.85734,4.0294096,0.093,12185.699,2336.8661064,0.5697585,0.5697585,0.5,38,38,1,6,6,detached,,,,,,5878214222686129408,11.919,2.2835,,,?
415469752,337.43147,57.34533,42.6254567,0.391,1643.8259,1752.3942897,0.3763613,0.1881238,0.733,16,83,6,2,4,detached,,,1,,,2007620000826008320,13.223,2.2314,,,good
415691639,109.01339,31.69433,0.4002796,0.07,117.01929,2526.6008506,0.040028,0.040028,0.5,45,45,1,53,54,detached,,,,,,887041622868004736,16.679,3.4465,,,good ztfv
419502814,191.14372,-55.21279,2.114815,0.047,372.44626,3041.8655555,0.1057088,0.1057088,0.5,64,64,1,12,12,detached,,,,,,6073570810148687744,15.117,3.188,,,gaia3
420135872,291.91752,76.642,9.6171662,0.178,948.1272,2398.0378442,0.1698808,0.1201057,0.55,40,55,11,26,24,detached,,,,,,2289872435318491904,14.232,2.3271,,,ztfv
420337546,198.85239,-55.40386,5.8131136,0.0,327.74875,4074.5316667,0.109401,0.1042751,0.4693,100,100,1,5,4,detached,,,,,,6066622755666312064,15.526,3.1934,,,?
420636075,217.20711,-34.81058,3.1707375,0.026,536.00616,2334.9012638,0.0792206,0.0791966,0.5,38,38,1,9,8,detached,,,,,,6119974323997964544,14.851,2.6645,,,?
423954063,328.37362,71.75208,6.4977118,0.021,510.42426,1989.3055543,0.1623447,0.1623447,0.499,25,25,1,3,4,detached,,,,,,2224738637798804736,14.861,2.4864,,,gaia3 P!match ztfv
425864141,352.0856,-45.91703,0.2183859,0.05,431.50958,1354.4730243,0.0308798,0.0308798,0.5,2,69,3,304,305,detached,,,,,,6528432139113615616,15.278,3.3101,,,gaia3
425934411,4.6058,-62.8479,1.706706,0.315,214.00192,1326.3416049,0.1206641,0.1206641,0.5,1,69,6,78,83,detached,,,,,,4901321849613857152,15.778,2.1773,142,PC,good
427240420,322.03917,63.35039,1.3884169,0.028,3494.5852,1739.423728,0.0693789,0.0693999,0.499,16,83,10,170,167,detached,,,,,,2217223819424989440,12.738,2.5806,,,ztfv
428685938,180.23172,-23.63472,,,,,,,,,,,,,,,,,,1,3492659369225333248,15.592,2.603,4856,EB,?
433440773,182.95986,-58.92557,5.4422014,0.0,1161.8514,4075.7860785,0.2214511,0.2405108,0.4997,100,100,1,4,4,detached,,,,,,6071075846487846272,13.645,2.4912,,,?
433977629,342.3508,65.80187,6.5596524,0.155,1142.853,1766.7810961,0.1158718,0.1158718,0.597,17,78,6,22,18,detached,,,,,,2211796526951025536,13.912,2.2875,,,good ztfv
434260570,64.24375,14.77179,9.4409926,0.054,988.70166,2177.1968726,0.1179055,0.1179055,0.5,32,71,5,10,11,detached,,,,,,3311529431437442560,14.133,2.2937,2455,PC,good
435249044,352.98402,16.82163,0.97427,0.035,58457.719,2826.2016191,0.3894727,0.389355,0.5,56,83,2,52,51,detached,,,,,,2820517843762782336,9.62,2.3431,,,?
435985984,193.28173,-65.54943,0.5505786,0.0,671.11938,4074.4243419,0.2752893,0.2752893,0.5,100,100,1,44,44,contact,,,,,,5861499069027473280,14.547,2.9867,,,?
436158814,83.94824,9.7639,7.2147369,0.161,1180.1379,1469.6734614,0.1801506,0.127405,0.4662,6,6,1,3,3,detached,,,,,,3337938669945775616,14.018,2.3739,,,WB ztfv
436693263,193.78661,-65.53488,2.8791905,0.0,2256.3391,4074.2194143,0.0882643,0.1193027,0.1897,100,100,1,9,9,detached,,,,,,5861580639046056832,13.048,2.6085,,,?
436948769,106.02171,20.35481,23.7864515,0.318,215.0202,2502.9979387,0.1484859,0.2970613,0.539,44,45,2,3,1,detached,,,,,,3366740720633253248,15.843,2.9259,,,ztfv
437387483,237.44337,-20.69848,0.3650396,0.014,4474.2495,3775.4406584,0.0519143,0.0513707,0.4987,91,91,1,47,49,detached,1,,,,,6241617792205140224,12.376,2.1003,,,gaia3
441014460,323.61732,-18.67497,0.5374973,0.023,1473.2136,3803.5924526,0.0380011,0.0380011,0.5,92,92,1,42,43,detached,,,,,,6831512038272661632,13.944,3.1962,,,ztfv
442844877,198.37041,-60.82344,0.6870876,0.0,423.73615,4074.4008071,0.3435438,0.3435438,0.5,100,100,1,37,38,contact,1,,,,,5869620199316965632,15.173,3.1296,,,?
446175401,201.72196,45.5463,0.364139,0.0,6678.3252,1738.9556899,0.2058326,0.2058326,0.5,16,76,5,261,256,contact,,,,,,1550299304833675392,11.963,2.2561,,,vespa ztfv
451513640,171.74292,-54.85166,3.1836644,0.0,237905.98,4046.9999574,0.1856691,0.2629452,0.6443,99,99,1,6,6,detached,,,,,,5346401373417049856,7.946,1.8368,,,?
452377286,88.35928,-51.46766,11.8334669,0.047,171.16522,2143.8519501,0.1491552,0.1366638,0.5057,31,31,1,2,2,detached,,,,,,4792530534164523520,15.942,2.3392,,,gaia3
453269374,24.32725,57.68134,1.5470786,0.264,1049.7822,1790.8774599,0.2187569,0.3093223,0.5,18,18,1,14,14,detached,,,,,,508914664936538624,13.972,2.3401,,,?
454291832,166.98225,-77.45708,1.7350058,0.017,5164.4473,3832.3297621,0.3468964,0.3468964,0.5,93,93,1,13,12,detached,,,,,,5201155402038028672,12.604,2.5158,,,?
454886660,177.94153,-72.00534,0.2464021,0.0,581.6366,4074.2242912,0.1232011,0.1232011,0.5,100,100,1,96,93,contact,,,,,,5227248535258363776,14.45,2.2502,,,gaia3
455947620,340.00075,60.82317,3.8562063,0.066,369.06451,1765.2113508,0.0558644,0.055768,0.4998,17,85,5,30,29,detached,,,,,,2201014337974289024,14.994,2.826,6022,PC,good
456941299,67.68755,22.63005,13.8845916,0.101,1904.5543,3210.3195121,0.1001826,0.1186661,0.5354,70,71,2,4,3,detached,,,1,,,145858674218113280,13.541,2.7076,,,good
458055227,250.3998,-40.40662,0.3002678,0.0,274.87823,3830.7596594,0.1697289,0.1697289,0.5,93,93,1,75,78,contact,,,,,,5969094145822778496,15.339,2.9506,,,?
460077052,156.4734,-63.55344,4.4113646,0.143,33.2718,3748.4949829,0.1763706,0.1814075,0.5,90,90,1,7,5,detached,,,,,,5252072342416610816,17.015,2.7069,,,?
460737307,158.64878,-61.46465,1.1747601,0.0,915.19891,3747.7492799,0.664043,0.664043,0.5,90,90,1,23,23,contact,,,,,,5253887537370165120,13.839,2.4228,,,?
463903016,154.89557,-58.89763,2.8814453,0.365,55.31005,3015.2098725,0.2881445,0.2881445,0.5,63,64,2,19,18,detached,,,,,,5255504399239636992,17.076,2.4917,,,?
466045629,286.85157,-27.79221,1.1169006,0.079,320.69849,3804.1725563,0.0578869,0.0578485,0.5004,92,92,1,17,20,detached,,,1,,,6762687695625668480,15.274,2.3913,,,ztfv
466276020,305.75381,-62.5153,,0.0,,,,,,,,,,,,,,,,1,6430644529878497024,15.147,2.1966,,,good
466318137,165.73208,-60.19687,2.2441,0.0,4484.5044,3014.8040114,0.1121711,0.1586579,0.5,63,63,1,12,12,detached,,,,,,5338100606072217856,12.885,5.1761,3153,PC,?
466662129,166.57802,-61.23845,12.378621,0.242,4155.2915,2316.2497447,1.750337,3.4996168,0.476,37,90,2,4,4,detached,,,,,,5337278278787846784,12.59,2.4793,,,dup
466662141,166.5774,-61.23715,12.38916,0.193,1476.5909,3752.1908748,2.4770837,3.5025963,0.474,90,90,1,2,2,detached,,,,,,5337278278787851136,13.72,2.6178,,,? dup
467522800,168.74763,-64.34712,1.0573267,0.0,232.00797,4074.5760552,0.0683844,0.0689571,0.5,100,100,1,23,23,detached,,,,,,5240531632175135616,15.301,2.9586,,,?
468162834,170.47251,-65.46285,2.6314263,0.0,4052.3989,1573.4947997,1.4874359,1.4874359,0.5,10,65,6,54,53,contact,,,,,,5237097238888164992,12.586,2.323,,,?
470275219,64.46323,51.72687,0.2708429,0.035,972.28723,1816.3487148,0.0473739,0.0459852,0.4997,19,59,2,172,171,detached,,1,,,,271780724429515520,14.129,2.3421,,,gaia3 WB
471012590,211.03701,50.34407,1.6279838,0.03,616.72772,2675.5729769,0.0499751,0.050371,0.4997,49,50,2,21,24,detached,,,,,,1511457269875245312,13.926,2.8954,,,good ztfv
929195256,176.61183,-58.57951,8.6298289,0.0,12.44432,4049.8542777,0.2559041,0.3709859,0.4904,99,99,1,2,2,detached,,,,,,5341667043838920448,18.299,3.1024,,,?
950715112,181.73234,70.13026,4.1790377,0.033,20307.553,2423.0560404,0.0724499,0.0737379,0.518,41,75,5,27,26,detached,1,,,,,1683677624423753472,10.892,2.845,,,? WB
1055770918,208.94302,-29.19009,0.2952071,0.0,739.83337,2308.6095565,0.1668683,0.1668683,0.521,37,37,1,74,73,contact,1,,,,,6176829967185967488,14.369,1.9577,,,?
1259908678,245.93283,-19.21437,1.3292097,0.0,461.26654,3775.7711065,0.751347,0.751347,0.5,91,91,1,13,13,contact,,,,,,6245245325875956096,15.183,2.9865,,,? WB
1427554971,267.47563,-27.7177,0.4831758,0.0,2.4442,3775.5730306,0.2731192,0.2731192,0.5,91,92,2,81,80,contact,,,,,,4057672075183852672,18.976,2.5591,,,ztfv
1435574774,265.47047,-27.2835,0.9013029,0.0,25.28326,3776.5855857,0.5094691,0.5094691,0.5,91,92,2,46,43,contact,,,,,,4060889074493805824,17.291,2.1651,,,gaia3
1435575990,265.5269,-27.27044,1.3978975,0.178,10.57659,3776.8273371,0.395206,0.395206,0.5,91,92,2,27,29,detached,,,,,,4060889516793874048,17.271,2.4124,,,gaia3
1436600361,262.68653,-28.0065,0.8026458,0.346,9.78902,3776.3684988,0.1922803,0.170314,0.5086,91,92,2,51,51,detached,,,,,,4061204806108662528,18.309,2.1654,,,gaia3
1438175128,265.01302,-26.04193,6.488728,0.287,27.97092,3806.3012393,0.6488728,0.6488728,0.5,92,92,1,4,2,detached,,,1,,,4061859011169206528,17.453,2.2955,,,gaia3
1441553348,267.68262,-25.59015,1.2566167,0.038,60.76675,3775.7246461,0.5023431,0.5023431,0.5,91,92,2,31,32,detached,,,,,,4067019745100891392,16.38,2.3868,,,gaia3
1444394873,266.12294,-24.0936,6.0743341,0.0,4.63585,3777.9035077,0.5463384,0.5715372,0.4965,91,92,2,5,7,detached,,,,,,4068340666593831424,18.208,1.8932,,,gaia3
1444703525,265.88036,-23.72098,5.3708529,0.391,10.74198,3778.5718299,0.5370853,0.5370853,0.5,91,92,2,7,8,detached,,,,,,4068414368207863808,17.967,1.8536,,,gaia3
1446957025,267.38436,-22.22312,1.9008512,0.203,33.39862,3776.5352851,0.306603,0.3408191,0.4974,91,92,2,22,21,detached,,,,,,4068984361915438592,17.026,2.0361,,,gaia3
1452319556,263.33357,-24.56059,0.6578365,0.0,16.82722,3775.5435605,0.3289183,0.3289183,0.5,91,92,2,61,59,contact,,,,,,4110335555436056704,17.644,2.4122,,,gaia3
1456266180,264.01425,-23.9308,2.3487871,0.432,0.2549,3778.2098352,0.5296561,0.2823224,0.4963,91,92,2,17,17,detached,,,,,,4116387130087652736,18.888,2.1618,,,gaia3
1457148618,264.13328,-23.20925,6.0112542,0.0,0.07184,3779.3653335,1.2018878,1.2018878,0.5,91,91,1,3,3,detached,,,,,,4116635443512146816,18.28,2.4185,,,gaia3
1457989120,265.78247,-23.24258,0.7154379,0.0,7.09114,3775.7042781,0.4044073,0.4044073,0.5,91,91,1,26,26,contact,,,,,,4116853524766201216,17.341,1.9503,,,gaia3
1459126730,265.20427,-22.28718,6.6503317,0.402,10.03062,3804.8057931,1.3296647,1.3296647,0.5,92,92,1,4,3,detached,,,,,,4117151045741506688,17.568,1.9092,,,gaia3
1464320521,267.10047,-21.39272,6.4333544,0.353,3.59615,3778.8756514,0.5522837,0.5019601,0.5001,91,92,2,7,6,detached,,,,,,4118623742928867840,18.76,2.1584,,,gaia3
1465321858,266.55376,-20.46112,6.4830453,0.393,5.51266,3776.9327388,0.6483045,0.6483045,0.5,91,92,2,5,7,detached,,,,,,4118942395065172608,18.872,2.261,,,gaia3
1606243893,270.32621,-27.21805,1.192252,0.0,24.2713,3776.3973664,0.6739305,0.6739305,0.5,91,92,2,33,36,contact,,,,,,4063189184100813184,16.976,1.8887,,,gaia3
1607028562,270.02143,-27.08547,0.7246833,0.0,10.4034,3775.5944418,0.4096333,0.4096333,0.5,91,92,2,58,53,contact,,,,,,4063942452629469312,17.345,1.7973,,,gaia3
1607520503,271.0101,-25.62523,1.632779,0.36,8.13185,3776.4656391,0.4616105,0.4616105,0.5,91,92,2,25,25,detached,,,,,,4064193656658533760,18.298,2.2373,,,gaia3
1609368900,271.59274,-26.04215,1.0693334,0.272,11.00569,3775.9515496,0.3023162,0.3023162,0.5,91,92,2,36,36,detached,,,,,,4064868546364654208,17.617,1.9368,,,gaia3
1612954892,271.21604,-25.29206,0.5114454,0.0,16.02279,3775.9110396,0.2890988,0.2890988,0.5,91,92,2,77,76,contact,,,,,,4065708818025773696,17.509,1.8888,,,gaia3
1612988218,270.85007,-25.17398,0.6436685,0.0,8.51835,3775.8269121,0.1818646,0.1818646,0.5,91,92,2,62,60,detached,,,,,,4065720672141283584,18.303,2.3151,,,gaia3
1613048119,271.24361,-24.94478,1.0720632,0.0,10.97044,3775.7935727,0.4285663,0.4285663,0.5,91,92,2,37,36,detached,,,,,,4065751351049439616,18.501,2.5285,,,gaia3
1613088964,271.99663,-25.13265,1.6208373,0.011,32.0549,3776.155927,0.3177557,0.3114499,0.4997,91,92,2,23,24,detached,,,,,,4065770940448556032,17.262,2.1619,,,gaia3
1631361764,273.7628,-22.00514,0.9345441,0.0,15.67853,3776.1978669,0.3735919,0.3735919,0.5,91,91,1,18,19,detached,,,,,,4090732534427397632,17.882,2.1517,,,gaia3
2055733261,352.52182,-38.96985,1.3516473,0.0,278.78168,2088.9303295,0.0955615,0.0955615,0.5,29,29,1,16,16,detached,,,,,,6538398353024629888,14.889,2.388,,,dup 393963814
